1100015.0;0.0
1100023.0;12842.7578797
1100031.0;0.0
1100049.0;6272.70501312
1100056.0;0.0
1100064.0;0.0
1100072.0;0.0
1100080.0;0.0
1100098.0;0.0
1100106.0;0.0
1100114.0;11576.5890639
1100122.0;39435.7158506
1100130.0;0.0
1100148.0;0.0
1100155.0;31966.5407915
1100189.0;12096.453357
1100205.0;21479.2910943
1100254.0;14935.9945221
1100288.0;6054.45934681
1100296.0;0.0
1100304.0;18223.5731302
1100320.0;5496.49279075
1100338.0;0.0
1100346.0;1.25
1100379.0;0.0
1100403.0;0.0
1100452.0;0.0
1100502.0;0.0
1100601.0;0.0
1100700.0;0.0
1100809.0;0.0
1100908.0;0.0
1100924.0;0.0
1100940.0;0.0
1101005.0;0.0
1101104.0;0.0
1101203.0;0.0
1101302.0;0.0
1101401.0;0.0
1101435.0;0.0
1101468.0;0.0
1101476.0;0.0
1101484.0;0.0
1101492.0;0.25
1101500.0;0.0
1101559.0;0.0
1101609.0;0.0
1101708.0;0.0
1101757.0;0.0
1101807.0;0.0
1200013.0;0.0
1200054.0;0.0
1200104.0;1915.0
1200138.0;0.0
1200179.0;1915.0
1200203.0;7661.0
1200302.0;0.0
1200336.0;0.0
1200351.0;0.0
1200385.0;0.0
1200393.0;0.0
1200401.0;53512.0
1200427.0;0.0
1200450.0;0.0
1200500.0;0.0
1200609.0;0.0
1200708.0;0.0
1200807.0;0.0
1300029.0;0.0
1300060.0;0.0
1300086.0;0.0
1300102.0;0.0
1300144.0;0.0
1300300.0;0.0
1300409.0;0.0
1300508.0;0.0
1300607.0;0.0
1300631.0;0.0
1300680.0;0.0
1300706.0;0.0
1300805.0;0.0
1300839.0;0.0
1300904.0;0.0
1301001.0;0.0
1301100.0;0.0
1301159.0;0.0
1301209.0;0.0
1301308.0;0.0
1301605.0;0.0
1301654.0;0.0
1301704.0;0.0
1301803.0;0.0
1301852.0;0.0
1301902.0;0.0
1302009.0;0.0
1302108.0;0.0
1302207.0;0.0
1302306.0;0.0
1302405.0;0.0
1302504.0;0.0
1302553.0;0.0
1302603.0;58.75
1302702.0;0.0
1302801.0;0.0
1302900.0;0.0
1303007.0;0.0
1303106.0;0.0
1303205.0;0.0
1303304.0;0.0
1303403.0;0.0
1303536.0;0.0
1303569.0;0.0
1303601.0;0.0
1303700.0;0.0
1303809.0;0.0
1303908.0;0.0
1303957.0;0.0
1304005.0;0.0
1304062.0;0.0
1304104.0;0.0
1304203.0;0.0
1304237.0;0.0
1304260.0;0.0
1304302.0;0.0
1304401.0;0.0
1400027.0;0.0
1400050.0;0.0
1400100.0;87.75
1400159.0;0.0
1400175.0;0.0
1400209.0;2.0
1400233.0;0.0
1400282.0;0.0
1400308.0;2.0
1400407.0;0.0
1400456.0;0.0
1400472.0;0.25
1400506.0;0.0
1400605.0;4.25
1500107.0;8.45833333333
1500131.0;0.0
1500206.0;0.0
1500305.0;0.0
1500347.0;0.0
1500404.0;0.0
1500503.0;0.0
1500602.0;5999.0885114
1500701.0;0.0
1500800.0;101.637702073
1500859.0;0.0
1500909.0;0.0
1500958.0;0.0
1501006.0;0.0
1501105.0;0.0
1501204.0;0.0
1501253.0;0.0
1501303.0;0.5
1501402.0;97607.9938454
1501451.0;0.0
1501501.0;63.1079672015
1501576.0;13.4751624514
1501600.0;0.0
1501709.0;7867.02963757
1501725.0;0.0
1501758.0;0.0
1501782.0;1.24682539683
1501808.0;0.0
1501907.0;7.14888133951
1501956.0;0.2
1502004.0;0.0
1502103.0;1.33333333333
1502152.0;54.3530629273
1502202.0;151928.727122
1502301.0;3870.79363453
1502400.0;95348.4503397
1502509.0;0.0
1502608.0;0.0
1502707.0;7216.87853495
1502756.0;9.39642353537
1502764.0;0.0
1502772.0;1939.90319547
1502806.0;0.0
1502855.0;0.0
1502905.0;0.0
1502939.0;150.089094614
1502954.0;9337.51403078
1503002.0;0.0
1503044.0;0.0
1503077.0;0.0
1503093.0;4.8948507468
1503101.0;0.0
1503200.0;25.3367808051
1503309.0;0.5
1503408.0;0.0
1503457.0;420.085183602
1503507.0;0.0
1503606.0;108.76410736
1503705.0;0.0
1503754.0;0.0
1503804.0;1.28849206349
1503903.0;0.0
1504000.0;0.0
1504059.0;56.4819425887
1504109.0;0.0
1504208.0;109284.325867
1504307.0;0.0
1504406.0;0.0
1504422.0;54.4751389186
1504455.0;0.0
1504505.0;0.0
1504604.0;0.0
1504703.0;720.789679665
1504752.0;0.0
1504802.0;0.0
1504901.0;0.0
1504950.0;0.0
1504976.0;125.107871945
1505007.0;0.666666666667
1505031.0;10080.0857781
1505064.0;222.009234447
1505106.0;0.0
1505205.0;0.0
1505304.0;0.0
1505403.0;0.0
1505437.0;13.468215403
1505486.0;0.2
1505494.0;0.0
1505502.0;3932.94640839
1505536.0;12825.8289929
1505551.0;0.0
1505601.0;0.0
1505635.0;0.0
1505650.0;2035.60883248
1505700.0;0.0
1505809.0;0.0
1505908.0;0.0
1506005.0;0.0
1506104.0;0.0
1506112.0;3831.0
1506138.0;5385.85205795
1506161.0;156.973618691
1506187.0;0.333333333333
1506195.0;5050.80194673
1506203.0;3831.33333333
1506302.0;0.0
1506351.0;0.0
1506401.0;0.0
1506500.0;2005.16130985
1506559.0;0.2
1506583.0;0.0
1506609.0;1591.81605341
1506708.0;39.7484793149
1506807.0;7709.30831053
1506906.0;0.0
1507003.0;14.6355972664
1507102.0;0.0
1507151.0;18.4730674048
1507201.0;0.0
1507300.0;13.468215403
1507409.0;25.3367808051
1507458.0;12.7060372969
1507466.0;0.0
1507474.0;0.0
1507508.0;0.0
1507607.0;419.185183602
1507706.0;0.0
1507755.0;0.0
1507805.0;0.0
1507904.0;0.0
1507953.0;450.605378609
1507961.0;0.333333333333
1507979.0;0.0
1508001.0;9.39642353537
1508035.0;206.029637574
1508050.0;0.0
1508084.0;13.468215403
1508100.0;134.740659595
1508126.0;5.28558247308
1508159.0;5180.70918085
1508209.0;14.6355972664
1508308.0;0.0
1508357.0;0.0
1508407.0;8221.99407343
1600055.0;0.0
1600105.0;0.0
1600154.0;0.0
1600204.0;0.0
1600212.0;0.0
1600238.0;0.0
1600253.0;0.0
1600279.0;13.0
1600303.0;23.0
1600402.0;0.0
1600501.0;0.0
1600535.0;0.0
1600550.0;0.0
1600600.0;0.0
1600709.0;0.0
1600808.0;0.0
1700251.0;0.0
1700301.0;0.0
1700350.0;0.2
1700400.0;0.0
1700707.0;0.0
1701002.0;0.0
1701051.0;0.0
1701101.0;0.0
1701309.0;0.0
1701903.0;0.0
1702000.0;0.0
1702109.0;88423.1028302
1702158.0;0.0
1702208.0;38419.4262605
1702307.0;0.0
1702406.0;4145.55415868
1702554.0;1915.0
1702703.0;3831.0
1702901.0;0.0
1703008.0;0.0
1703057.0;0.0
1703073.0;0.0
1703107.0;0.0
1703206.0;0.0
1703305.0;0.0
1703602.0;0.0
1703701.0;0.0
1703800.0;1915.0
1703826.0;0.0
1703842.0;0.0
1703867.0;0.0
1703883.0;0.0
1703891.0;0.0
1703909.0;0.0
1704105.0;0.0
1704600.0;0.0
1705102.0;0.0
1705508.0;14227.6952483
1705557.0;0.0
1705607.0;0.0
1706001.0;8.54555651893
1706100.0;0.0
1706258.0;0.2
1706506.0;0.0
1707009.0;3831.0
1707108.0;0.0
1707207.0;0.0
1707306.0;0.0
1707405.0;0.0
1707553.0;0.2
1707652.0;0.0
1707702.0;0.0
1708205.0;0.0
1708254.0;0.0
1708304.0;0.0
1709005.0;0.0
1709302.0;3171.36909798
1709500.0;131168.132461
1710508.0;0.0
1710706.0;0.0
1710904.0;0.0
1711100.0;0.0
1711506.0;0.0
1711803.0;0.0
1711902.0;0.0
1711951.0;0.0
1712009.0;0.0
1712157.0;0.0
1712405.0;0.0
1712454.0;0.0
1712504.0;0.0
1712702.0;0.0
1712801.0;0.0
1713205.0;0.0
1713304.0;1229.49916857
1713601.0;0.5
1713700.0;0.0
1713809.0;0.0
1713957.0;0.0
1714203.0;7753.17646466
1714302.0;0.0
1714880.0;3.47785342653
1715002.0;0.0
1715101.0;0.0
1715150.0;0.0
1715259.0;0.0
1715507.0;0.0
1715705.0;0.0
1715754.0;0.0
1716109.0;107185.017062
1716208.0;0.0
1716307.0;0.0
1716505.0;0.0
1716604.0;3831.0
1716653.0;0.99361049683
1716703.0;335.740946312
1717008.0;0.0
1717206.0;0.0
1717503.0;0.0
1717800.0;0.0
1717909.0;0.0
1718006.0;0.0
1718204.0;11185.1559429
1718303.0;0.0
1718402.0;0.483465608466
1718451.0;0.0
1718501.0;0.0
1718550.0;0.0
1718709.0;0.0
1718758.0;0.0
1718840.0;0.0
1718865.0;0.0
1718881.0;0.0
1718899.0;0.0
1718907.0;1915.0
1719004.0;0.0
1720002.0;0.0
1720101.0;0.0
1720200.0;0.0
1720259.0;0.0
1720309.0;0.0
1720499.0;0.0
1720655.0;1915.0
1720804.0;0.0
1720853.0;0.0
1720903.0;0.0
1720937.0;0.0
1720978.0;0.0
1721000.0;36970.590869
1721109.0;0.0
1721208.0;1.0
1721307.0;0.0
1722081.0;42.5227294241
1722107.0;0.0
2100055.0;20179.0791228
2100105.0;0.0
2100154.0;0.0
2100204.0;0.0
2100303.0;0.0
2100402.0;0.0
2100436.0;2332.6446462
2100477.0;0.0
2100501.0;0.0
2100550.0;0.0
2100600.0;0.0
2100709.0;0.0
2100808.0;374.950867149
2100832.0;0.0
2100873.0;0.0
2100907.0;0.0
2100956.0;0.0
2101004.0;5594.53259043
2101103.0;0.0
2101202.0;145805.966148
2101251.0;10150.4981311
2101301.0;0.0
2101350.0;0.0
2101400.0;12536.7533133
2101509.0;0.0
2101608.0;342.764675226
2101707.0;3831.0
2101731.0;0.0
2101772.0;0.0
2101806.0;0.0
2101905.0;0.0
2101939.0;25.889689466
2101970.0;0.0
2102002.0;0.0
2102036.0;0.0
2102077.0;0.0
2102101.0;0.166666666667
2102150.0;0.0
2102200.0;0.5
2102309.0;0.0
2102325.0;0.0
2102358.0;0.0
2102374.0;0.0
2102408.0;0.0
2102507.0;0.0
2102556.0;204.866318253
2102606.0;0.0
2102705.0;0.0
2102754.0;0.0
2102804.0;0.0
2102903.0;0.0
2103000.0;80200.1602301
2103109.0;0.0
2103125.0;0.0
2103158.0;0.0
2103174.0;0.0
2103208.0;419.515144504
2103257.0;0.916666666667
2103307.0;307.395135971
2103406.0;3218.59706104
2103505.0;53.1401289228
2103554.0;0.0
2103604.0;0.0
2103703.0;0.0
2103802.0;4066.72364818
2103901.0;0.0
2104008.0;7661.0
2104057.0;25519.8579704
2104073.0;0.0
2104081.0;0.0
2104099.0;0.0
2104107.0;0.0
2104206.0;0.0
2104305.0;0.0
2104404.0;0.0
2104503.0;0.0
2104552.0;0.810714285714
2104602.0;0.0
2104628.0;0.0
2104651.0;0.0
2104677.0;235.044361207
2104701.0;0.0
2104800.0;4260.35834909
2104909.0;0.0
2105005.0;191.11345771
2105104.0;0.0
2105153.0;0.0
2105203.0;25.889689466
2105302.0;85176.5333079
2105351.0;0.0
2105401.0;3658.84089571
2105427.0;0.0
2105450.0;0.0
2105476.0;0.0
2105500.0;0.0
2105609.0;0.0
2105658.0;0.0
2105708.0;19058.6442532
2105807.0;0.0
2105906.0;0.0
2105922.0;0.0
2105948.0;0.0
2105963.0;0.0
2105989.0;3.0
2106003.0;0.0
2106102.0;0.0
2106201.0;0.0
2106300.0;0.0
2106326.0;1481.17462
2106359.0;0.0
2106375.0;0.0
2106508.0;316.775680496
2106607.0;0.0
2106631.0;0.375
2106672.0;0.0
2106706.0;0.0
2106755.0;25789.6990706
2106805.0;0.0
2106904.0;0.0
2107001.0;0.0
2107100.0;0.5
2107209.0;0.0
2107258.0;0.0
2107308.0;0.0
2107357.0;158.556715224
2107407.0;0.0
2107456.0;203.40026413
2107605.0;0.0
2107704.0;336.307244588
2107803.0;0.0
2107902.0;0.0
2108009.0;2459.17198769
2108058.0;0.0
2108108.0;3846.1
2108207.0;27007.1895957
2108256.0;0.0
2108306.0;0.0
2108405.0;0.0
2108454.0;85104.7645513
2108504.0;0.0
2108603.0;0.0
2108702.0;0.0
2108801.0;0.0
2108900.0;0.0
2109007.0;12075.223086
2109056.0;0.0
2109106.0;11193.9375297
2109205.0;0.0
2109239.0;0.0
2109270.0;0.0
2109304.0;0.0
2109403.0;0.0
2109502.0;10.829538733
2109551.0;0.810714285714
2109601.0;8099.84982993
2109700.0;0.0
2109759.0;0.0
2109809.0;0.0
2109908.0;5583.31901979
2110005.0;0.0
2110039.0;309.892788009
2110104.0;0.4
2110203.0;1839.4228035
2110278.0;0.0
2110302.0;0.0
2110401.0;1.01726190476
2110500.0;0.0
2110609.0;0.4
2110658.0;1620.75232964
2110708.0;67.5002379828
2110807.0;0.0
2110856.0;0.0
2110906.0;0.0
2111003.0;0.0
2111052.0;0.0
2111078.0;0.0
2111102.0;4526.03165127
2111201.0;0.0
2111250.0;0.0
2111300.0;115282.074673
2111409.0;0.0
2111508.0;2261.37323887
2111532.0;0.0
2111573.0;0.0
2111607.0;7.46566483578
2111631.0;0.0
2111672.0;0.0
2111706.0;203.40026413
2111722.0;0.0
2111748.0;0.0
2111763.0;0.0
2111789.0;0.0
2111805.0;0.0
2111904.0;0.0
2111953.0;0.0
2112001.0;0.0
2112100.0;0.0
2112209.0;16612.0280183
2112233.0;0.0
2112308.0;0.0
2112407.0;0.0
2112456.0;0.0
2112506.0;0.0
2112605.0;1.01726190476
2112704.0;3.46031746032
2112803.0;203.40026413
2112852.0;0.0
2112902.0;943.444372951
2113009.0;11456.0119713
2114007.0;1.27279948405
2200053.0;989.236465315
2200103.0;0.0
2200202.0;34.7407355986
2200251.0;0.0
2200277.0;0.0
2200301.0;0.0
2200400.0;48.3928571429
2200459.0;0.0
2200509.0;2.6443236715
2200608.0;0.0
2200707.0;0.0
2200806.0;0.0
2200905.0;0.0
2200954.0;0.0
2201002.0;0.0
2201051.0;0.0
2201101.0;0.0
2201150.0;0.0
2201176.0;0.0
2201200.0;2.66666666667
2201309.0;0.0
2201408.0;17.3951140964
2201507.0;4.16666666667
2201556.0;0.0
2201572.0;0.0
2201606.0;0.0
2201705.0;0.0
2201739.0;0.0
2201770.0;0.0
2201804.0;0.0
2201903.0;985.30159552
2201919.0;0.0
2201929.0;0.0
2201945.0;0.0
2201960.0;0.0
2201988.0;0.0
2202000.0;0.0
2202026.0;0.0
2202059.0;0.0
2202075.0;0.0
2202083.0;0.0
2202091.0;0.0
2202109.0;0.0
2202117.0;0.0
2202133.0;1265.80563383
2202174.0;0.0
2202208.0;11276.0566498
2202251.0;0.0
2202307.0;10867.5510663
2202406.0;0.0
2202455.0;0.0
2202505.0;0.0
2202539.0;0.0
2202554.0;0.0
2202604.0;0.0
2202653.0;0.0
2202703.0;0.0
2202711.0;0.0
2202729.0;0.0
2202737.0;0.0
2202752.0;985.30159552
2202778.0;0.0
2202802.0;0.0
2202851.0;0.0
2202901.0;12477.0160681
2203008.0;0.0
2203107.0;939.126062369
2203206.0;0.0
2203255.0;0.0
2203271.0;0.0
2203305.0;3970.46463793
2203354.0;0.0
2203404.0;730.69540859
2203420.0;0.0
2203453.0;0.0
2203503.0;13.1371775885
2203602.0;939.126062369
2203701.0;1466.89889388
2203750.0;0.0
2203800.0;0.0
2203859.0;0.0
2203909.0;51682.7531229
2204006.0;0.0
2204105.0;0.0
2204154.0;0.0
2204204.0;0.0
2204303.0;634.618034698
2204352.0;0.0
2204402.0;65.3290474291
2204501.0;0.0
2204550.0;0.0
2204600.0;0.0
2204659.0;0.0
2204709.0;0.857142857143
2204808.0;3.65
2204907.0;0.0
2205003.0;0.0
2205102.0;646.02251869
2205151.0;250.321524857
2205201.0;250.321524857
2205250.0;0.0
2205276.0;0.0
2205300.0;755.066247519
2205359.0;0.0
2205409.0;0.0
2205458.0;0.0
2205508.0;0.0
2205516.0;0.0
2205524.0;0.0
2205532.0;0.0
2205540.0;0.0
2205557.0;0.0
2205565.0;0.0
2205573.0;0.0
2205581.0;0.0
2205599.0;0.0
2205607.0;0.0
2205706.0;0.0
2205805.0;0.0
2205854.0;0.0
2205904.0;0.0
2205953.0;6439.72396744
2206001.0;0.0
2206050.0;0.0
2206100.0;0.0
2206209.0;0.0
2206308.0;0.0
2206357.0;0.0
2206407.0;0.2
2206506.0;0.0
2206605.0;26.1254475833
2206654.0;0.0
2206670.0;0.0
2206696.0;0.0
2206704.0;0.0
2206720.0;0.0
2206753.0;0.0
2206803.0;0.0
2206902.0;0.0
2206951.0;0.0
2207009.0;8080.48044533
2207108.0;0.0
2207207.0;0.0
2207306.0;0.0
2207355.0;0.0
2207405.0;0.0
2207504.0;0.0
2207553.0;0.0
2207603.0;0.0
2207702.0;10714.5039691
2207751.0;1.5
2207777.0;250.321524857
2207793.0;0.0
2207801.0;2945.15049203
2207900.0;0.0
2207934.0;0.0
2207959.0;0.0
2208007.0;91850.6099629
2208106.0;0.0
2208205.0;0.0
2208304.0;2.39285714286
2208403.0;754.270504432
2208502.0;0.0
2208551.0;0.0
2208601.0;0.0
2208650.0;0.0
2208700.0;154.795101539
2208809.0;3.90495859213
2208858.0;0.0
2208874.0;0.0
2208908.0;0.0
2209005.0;0.0
2209104.0;0.0
2209153.0;0.0
2209203.0;0.0
2209302.0;0.0
2209351.0;0.0
2209377.0;0.0
2209401.0;0.0
2209450.0;0.0
2209500.0;0.0
2209559.0;0.0
2209609.0;0.0
2209658.0;0.0
2209708.0;0.0
2209757.0;0.0
2209807.0;0.0
2209856.0;0.0
2209872.0;0.0
2209906.0;0.0
2209955.0;0.0
2209971.0;0.0
2210003.0;0.0
2210052.0;0.0
2210102.0;0.0
2210201.0;0.0
2210300.0;0.0
2210359.0;0.0
2210375.0;0.0
2210383.0;0.0
2210391.0;0.0
2210409.0;0.0
2210508.0;11.6760979174
2210607.0;38258.0
2210623.0;0.0
2210631.0;0.0
2210656.0;0.0
2210706.0;29.9561831899
2210805.0;0.0
2210904.0;0.0
2210938.0;1.5
2210953.0;0.0
2210979.0;0.0
2211001.0;627668.6699
2211100.0;0.0
2211209.0;0.0
2211308.0;4502.69849322
2211357.0;0.0
2211407.0;0.0
2211506.0;0.0
2211605.0;5100.17021716
2211704.0;0.0
2300101.0;0.0
2300150.0;4.45162337662
2300200.0;252.087334811
2300309.0;1615.52332488
2300408.0;25.6295769967
2300507.0;0.0
2300606.0;0.0
2300705.0;0.0
2300754.0;230.533001644
2300804.0;2.4880952381
2300903.0;285.552586878
2301000.0;0.333333333333
2301109.0;15747.9023547
2301208.0;0.934956709957
2301257.0;0.0
2301307.0;362.81817085
2301406.0;0.433333333333
2301505.0;25.6295769967
2301604.0;0.428971952248
2301703.0;3.75634243223
2301802.0;0.0
2301851.0;0.0
2301901.0;614.104608366
2301950.0;5.66666666667
2302008.0;4759.39933043
2302057.0;4.75
2302107.0;18.0096320346
2302206.0;1315.86161669
2302305.0;227.887763548
2302404.0;0.0
2302503.0;36385.2676186
2302602.0;867.7382708
2302701.0;423.291294297
2302800.0;6274.95334827
2302909.0;4.78452380952
2303006.0;0.0
2303105.0;113.202499243
2303204.0;0.0
2303303.0;0.0
2303402.0;0.0
2303501.0;1319.94495002
2303600.0;0.0
2303659.0;1746.13045976
2303709.0;26.5055555556
2303808.0;0.0
2303907.0;361.792560144
2303931.0;2.24285714286
2303956.0;0.392857142857
2304004.0;1008.18568539
2304103.0;15523.8171071
2304202.0;37574.9874811
2304236.0;0.0
2304251.0;241.784985771
2304269.0;0.0
2304277.0;0.0
2304285.0;0.0
2304301.0;0.996825396825
2304350.0;295.390848932
2304400.0;526739.467677
2304459.0;0.0
2304509.0;3.038188821
2304608.0;285.552586878
2304657.0;0.0
2304707.0;2472.9464345
2304806.0;0.0
2304905.0;0.0
2304954.0;3836.13495671
2305001.0;3961.74103073
2305100.0;1286.06969697
2305209.0;0.0
2305233.0;15.0374671081
2305266.0;1.075
2305308.0;0.406535947712
2305332.0;0.5
2305357.0;0.0
2305407.0;3499.04435529
2305506.0;17101.7634718
2305605.0;0.0
2305654.0;0.0
2305704.0;55.1779908037
2305803.0;3957.4662427
2305902.0;18.7917388167
2306009.0;0.0
2306108.0;296.202779075
2306207.0;0.0
2306256.0;1.30952380952
2306306.0;421.735759959
2306405.0;531.924477411
2306504.0;4.52619047619
2306553.0;3.96582306582
2306603.0;0.0
2306702.0;0.0
2306801.0;0.0
2306900.0;588.536346759
2307007.0;35.5952986477
2307106.0;1.36828908209
2307205.0;0.0
2307254.0;1.77619047619
2307304.0;71545.3553536
2307403.0;0.0
2307502.0;3.66607142857
2307601.0;7706.46126985
2307635.0;0.0
2307650.0;0.0
2307700.0;0.0
2307809.0;228.405620691
2307908.0;0.809523809524
2308005.0;7.15941558442
2308104.0;1.36828908209
2308203.0;0.0
2308302.0;64621.3361372
2308351.0;0.0
2308377.0;0.0
2308401.0;847.272126554
2308500.0;1577.53087478
2308609.0;0.0
2308708.0;1346.91567754
2308807.0;0.0
2308906.0;233.413557199
2309003.0;0.0
2309102.0;3.6
2309201.0;17.9779119012
2309300.0;10.5783730159
2309409.0;0.0
2309458.0;0.0
2309508.0;0.0
2309607.0;276.567058884
2309706.0;11.63495671
2309805.0;1273.26515152
2309904.0;0.0
2310001.0;0.0
2310100.0;1273.26515152
2310209.0;285.552586878
2310258.0;285.885920211
2310308.0;0.0
2310407.0;0.0
2310506.0;2.81904761905
2310605.0;0.0
2310704.0;285.552586878
2310803.0;0.0
2310852.0;1197.27676662
2310902.0;0.0
2310951.0;0.0
2311009.0;0.0
2311108.0;0.0
2311207.0;3.18103239181
2311231.0;0.0
2311264.0;28.842517672
2311306.0;6536.74502117
2311355.0;0.0
2311405.0;16.0410404957
2311504.0;0.0
2311603.0;0.834956709957
2311702.0;0.0
2311801.0;6084.01681638
2311900.0;0.0
2311959.0;0.678971952248
2312007.0;8.49087301587
2312106.0;0.0
2312205.0;2852.38683755
2312304.0;6641.89566803
2312403.0;286.719253545
2312502.0;0.0
2312601.0;777.442498487
2312700.0;1108.05568321
2312809.0;0.0
2312908.0;64792.7339056
2313005.0;0.5
2313104.0;0.95
2313203.0;2.33333333333
2313252.0;1957.78963892
2313302.0;7241.49215122
2313351.0;285.552586878
2313401.0;5229.49938986
2313500.0;0.866666666667
2313559.0;287.727586878
2313609.0;0.406535947712
2313708.0;0.0
2313757.0;777.442498487
2313807.0;0.0
2313906.0;0.0
2313955.0;0.924242424242
2314003.0;303.791169738
2314102.0;0.48270598684
2400109.0;107.139994193
2400208.0;5041.01699814
2400307.0;0.0
2400406.0;0.0
2400505.0;0.0
2400604.0;0.0
2400703.0;0.0
2400802.0;1164.98645874
2400901.0;0.0
2401008.0;0.0
2401107.0;0.0
2401206.0;0.0
2401305.0;0.0
2401404.0;0.0
2401453.0;0.0
2401503.0;0.0
2401602.0;0.0
2401701.0;56.9677719708
2401800.0;56.9677719708
2401859.0;0.0
2401909.0;0.0
2402006.0;19272.6599662
2402105.0;0.0
2402204.0;58.3844386375
2402303.0;0.0
2402402.0;0.0
2402600.0;7.0
2402709.0;0.0
2402808.0;0.0
2402907.0;0.0
2403004.0;0.0
2403103.0;7767.13999419
2403202.0;0.0
2403251.0;17440.7682944
2403301.0;0.0
2403400.0;0.0
2403509.0;56.9677719708
2403707.0;0.0
2403756.0;0.0
2403806.0;0.0
2403905.0;0.0
2404002.0;0.0
2404101.0;0.0
2404200.0;8206.83088949
2404309.0;0.0
2404408.0;0.0
2404507.0;0.0
2404606.0;0.0
2404705.0;0.0
2404804.0;0.0
2404853.0;0.0
2404903.0;0.0
2405009.0;0.0
2405108.0;0.0
2405207.0;0.0
2405504.0;0.0
2405603.0;8.22857142857
2405702.0;58.6225338756
2405801.0;24882.0
2405900.0;0.0
2406007.0;0.0
2406106.0;0.0
2406155.0;0.0
2406205.0;0.0
2406304.0;0.0
2406502.0;0.0
2406601.0;0.0
2406700.0;0.0
2406809.0;0.0
2406908.0;0.0
2407005.0;0.0
2407104.0;5054.76699046
2407203.0;3831.0
2407252.0;0.0
2407302.0;0.0
2407401.0;0.0
2407500.0;0.0
2407609.0;0.0
2407708.0;0.0
2407807.0;56.9677719708
2407906.0;0.0
2408003.0;65067.2027768
2408102.0;239778.885357
2408300.0;1330.25085156
2408409.0;0.0
2408508.0;0.0
2408607.0;0.0
2408706.0;0.0
2408805.0;0.0
2408904.0;0.0
2408953.0;0.0
2409100.0;0.0
2409209.0;0.0
2409308.0;0.0
2409332.0;0.0
2409407.0;46086.3373145
2409506.0;0.0
2409605.0;0.0
2409704.0;0.0
2409803.0;58.3844386375
2409902.0;0.0
2410009.0;0.0
2410108.0;0.0
2410207.0;0.0
2410256.0;0.0
2410306.0;56.9677719708
2410405.0;0.0
2410504.0;0.0
2410603.0;0.0
2410702.0;0.0
2410801.0;0.0
2410900.0;0.0
2411007.0;0.0
2411056.0;0.0
2411205.0;72.6856291137
2411403.0;0.0
2411429.0;0.0
2411502.0;65.3145870855
2411601.0;0.0
2411700.0;0.0
2411809.0;0.0
2411908.0;0.0
2412005.0;0.0
2412104.0;0.0
2412203.0;106.051826235
2412302.0;0.0
2412401.0;0.0
2412500.0;3831.0
2412559.0;0.0
2412609.0;0.0
2412807.0;0.0
2412906.0;0.0
2413003.0;0.0
2413102.0;56.9677719708
2413201.0;0.0
2413300.0;0.0
2413359.0;0.0
2413409.0;0.0
2413508.0;0.0
2413557.0;0.0
2413607.0;0.0
2413805.0;0.0
2413904.0;0.0
2414001.0;122.91903953
2414100.0;0.0
2414159.0;0.0
2414209.0;56.9677719708
2414308.0;0.0
2414407.0;5742.0
2414456.0;0.0
2414506.0;0.0
2414605.0;0.0
2414704.0;56.9677719708
2414753.0;0.0
2414803.0;0.0
2414902.0;0.0
2500106.0;91.0549763442
2500205.0;0.0
2500304.0;445.555126156
2500403.0;110.320313659
2500502.0;146.064448996
2500536.0;0.0
2500577.0;0.0
2500601.0;0.0
2500700.0;1.0
2500734.0;0.0
2500775.0;897.960460328
2500809.0;0.78618772868
2500908.0;334.012856235
2501005.0;328.225667968
2501104.0;457.010472338
2501153.0;0.0
2501203.0;0.0
2501302.0;0.0
2501351.0;0.0
2501401.0;0.0
2501500.0;1111.59379949
2501534.0;0.0
2501575.0;0.0
2501609.0;112.920313659
2501708.0;0.0
2501807.0;0.0
2501906.0;6390.73304281
2502003.0;0.0
2502052.0;0.0
2502102.0;211.856034778
2502151.0;11813.2367594
2502300.0;0.0
2502409.0;2.56666666667
2502508.0;0.0
2502607.0;0.0
2502706.0;0.0
2502805.0;0.0
2502904.0;0.0
2503001.0;0.0
2503100.0;0.0
2503209.0;0.0
2503308.0;0.0
2503407.0;0.0
2503506.0;311.313175834
2503555.0;0.0
2503605.0;0.543498168498
2503704.0;35069.9606281
2503753.0;0.0
2503803.0;0.0
2503902.0;0.0
2504009.0;187499.766537
2504033.0;0.0
2504074.0;0.0
2504108.0;0.0
2504157.0;0.0
2504207.0;3.53333333333
2504306.0;7117.10420898
2504355.0;0.0
2504405.0;3798.49335568
2504504.0;224.551537234
2504603.0;0.0
2504702.0;0.0
2504801.0;0.0
2504850.0;0.0
2504900.0;5.61111111111
2505006.0;0.0
2505105.0;110.320313659
2505204.0;114.794163725
2505238.0;0.0
2505279.0;0.0
2505303.0;0.0
2505352.0;0.0
2505402.0;37.9989148339
2505501.0;0.0
2505600.0;211.856034778
2505709.0;0.0
2505808.0;0.111111111111
2505907.0;0.0
2506004.0;2148.68773345
2506103.0;0.0
2506202.0;0.0
2506251.0;0.0
2506301.0;6466.52601344
2506400.0;0.0
2506509.0;0.0
2506608.0;0.0
2506707.0;91.0549763442
2506806.0;913.875048049
2506905.0;3985.77275856
2507002.0;9822.10334321
2507101.0;0.78618772868
2507200.0;0.0
2507309.0;0.0
2507408.0;0.0
2507507.0;163405.761965
2507606.0;31.612520834
2507705.0;266.052247715
2507804.0;9.52861789557
2507903.0;16.1268714844
2508000.0;91.0549763442
2508109.0;0.0
2508208.0;0.111111111111
2508307.0;189.21727486
2508406.0;0.0
2508505.0;0.0
2508554.0;0.0
2508703.0;0.0
2508802.0;404.930505693
2508901.0;14086.1473787
2509008.0;0.0
2509057.0;0.0
2509107.0;375.254282709
2509156.0;9.52861789557
2509206.0;0.0
2509305.0;0.0
2509339.0;110.320313659
2509370.0;0.0
2509396.0;91.0549763442
2509404.0;0.0
2509503.0;1822.17120491
2509602.0;119.278034627
2509701.0;8775.7533038
2509800.0;31.612520834
2509909.0;0.0
2510006.0;0.0
2510105.0;110.320313659
2510204.0;0.0
2510303.0;0.0
2510402.0;0.0
2510501.0;0.0
2510600.0;1340.43536806
2510709.0;0.0
2510808.0;96140.6101969
2510907.0;0.0
2511004.0;0.0
2511103.0;0.0
2511202.0;0.0
2511301.0;4042.85603478
2511400.0;110.320313659
2511509.0;0.0
2511608.0;110.320313659
2511707.0;0.0
2511806.0;478.910534781
2511905.0;3831.0
2512002.0;0.0
2512036.0;0.0
2512077.0;0.0
2512101.0;18114.385134
2512200.0;0.0
2512309.0;14393.9878229
2512408.0;0.0
2512507.0;3832.0
2512606.0;0.0
2512705.0;788.827746384
2512721.0;0.0
2512754.0;0.0
2512788.0;0.0
2512804.0;0.0
2512903.0;414.046706999
2513000.0;0.0
2513109.0;0.0
2513158.0;0.0
2513208.0;0.0
2513307.0;0.0
2513356.0;0.0
2513406.0;9.52861789557
2513505.0;0.0
2513604.0;0.0
2513653.0;0.0
2513703.0;0.125
2513802.0;3.53333333333
2513851.0;0.0
2513901.0;683.358423407
2513927.0;224.551537234
2513943.0;0.0
2513968.0;0.0
2513984.0;0.0
2514008.0;0.0
2514107.0;0.0
2514206.0;0.0
2514305.0;0.0
2514404.0;0.0
2514453.0;0.0
2514503.0;0.0
2514552.0;0.0
2514602.0;340.571151644
2514800.0;0.0
2514909.0;9.52861789557
2515005.0;0.0
2515104.0;122.829742557
2515203.0;0.0
2515302.0;2213.22694033
2515401.0;0.0
2515500.0;0.0
2515609.0;0.0
2515708.0;0.0
2515807.0;0.0
2515906.0;0.0
2515930.0;0.111111111111
2515971.0;0.0
2516003.0;4942.59379949
2516102.0;266.052247715
2516151.0;0.0
2516201.0;23181.4529669
2516300.0;7159.54872731
2516409.0;0.111111111111
2516508.0;0.0
2516607.0;91.0549763442
2516706.0;1402.35698677
2516805.0;0.0
2516904.0;3935.64314812
2517001.0;1107.17035976
2517100.0;0.0
2517209.0;0.0
2517407.0;0.0
2600054.0;0.0
2600104.0;5302.15125487
2600203.0;0.0
2600302.0;22.062541625
2600401.0;0.25
2600500.0;56.4220055384
2600609.0;1.0
2600708.0;1609.28808022
2600807.0;0.0
2600906.0;181.752035501
2601003.0;9.56403318903
2601052.0;0.0
2601102.0;9860.41879722
2601201.0;54848.3626852
2601300.0;0.583333333333
2601409.0;2515.82814034
2601508.0;498.605659824
2601607.0;31.6901000542
2601706.0;5388.90374377
2601805.0;0.0
2601904.0;855.324748447
2602001.0;110.129904928
2602100.0;459.621875236
2602209.0;367.864767326
2602308.0;395.773946377
2602407.0;0.0
2602506.0;0.0
2602605.0;0.0
2602704.0;179.215707956
2602803.0;0.0
2602902.0;80.7710647641
2603009.0;19412.4864
2603108.0;1.44444444444
2603207.0;0.0
2603306.0;0.0
2603405.0;8.41197691198
2603454.0;73.1801193488
2603504.0;554.466767579
2603603.0;0.0
2603702.0;212.200731264
2603801.0;0.0
2603900.0;0.0
2603926.0;0.0
2604007.0;4941.77533794
2604106.0;139978.799891
2604155.0;0.0
2604205.0;2568.89552838
2604304.0;763.152742915
2604403.0;0.0
2604502.0;82.5317960811
2604601.0;6.66960784314
2604700.0;0.0
2604809.0;1.51893939394
2604908.0;1373.54213472
2605004.0;557.976506484
2605103.0;313.054711169
2605152.0;0.0
2605202.0;205.984079243
2605301.0;110.129904928
2605400.0;1750.36515513
2605509.0;0.0
2605608.0;8.41197691198
2605707.0;1699.52653665
2605806.0;0.0
2605905.0;189.21926863
2606002.0;70657.2235149
2606101.0;3.4960550822
2606200.0;24428.959182
2606309.0;0.0
2606408.0;118.800617675
2606507.0;0.0
2606606.0;0.0
2606705.0;0.0
2606804.0;0.0
2606903.0;0.0
2607000.0;1611.98146746
2607109.0;0.0
2607208.0;0.166666666667
2607307.0;0.0
2607406.0;0.0
2607505.0;199.785883396
2607653.0;482.446565225
2607703.0;0.0
2607802.0;0.0
2607901.0;2.85248811646
2607950.0;0.0
2608008.0;26.1273015873
2608057.0;0.0
2608107.0;8.1692131398
2608206.0;0.0
2608255.0;0.0
2608305.0;3.23571428571
2608404.0;68.35602113
2608453.0;1054.97234261
2608503.0;367.864767326
2608602.0;0.0
2608701.0;389.885706604
2608750.0;4651.00586053
2608800.0;5001.08089218
2608909.0;7144.99374428
2609006.0;0.0
2609105.0;0.0
2609154.0;0.0
2609204.0;1.36396103896
2609303.0;0.0
2609402.0;225.430407408
2609501.0;375.332441318
2609709.0;367.864767326
2609808.0;0.0
2609907.0;2850.86161593
2610004.0;18079.2761156
2610103.0;0.0
2610202.0;557.976506484
2610301.0;0.0
2610400.0;0.0
2610509.0;4393.19946204
2610608.0;3638.62657157
2610707.0;0.0
2610806.0;0.25
2610905.0;6976.203658
2611002.0;2418.33597385
2611101.0;537885.411534
2611200.0;0.0
2611309.0;724.142939495
2611408.0;180.304416453
2611507.0;733.765437685
2611533.0;0.0
2611606.0;753458.07632
2611705.0;0.0
2611804.0;414.281669816
2611903.0;938.301670983
2612000.0;197.039725584
2612109.0;0.166666666667
2612208.0;213671.01166
2612307.0;0.0
2612406.0;0.0
2612455.0;3831.0
2612471.0;0.0
2612505.0;8903.47183296
2612554.0;0.0
2612604.0;148.56544395
2612703.0;0.0
2612802.0;0.0
2612901.0;1.36396103896
2613008.0;0.0
2613107.0;0.0
2613206.0;9.56403318903
2613305.0;0.5
2613404.0;2092.45673425
2613503.0;0.0
2613602.0;23876.8417825
2613701.0;130.826772084
2613800.0;367.864767326
2613909.0;53051.8504884
2614006.0;0.0
2614105.0;21.9087468087
2614204.0;932.822356979
2614303.0;0.0
2614402.0;0.0
2614501.0;20778.4182962
2614600.0;22.7420985026
2614709.0;0.0
2614808.0;0.0
2614857.0;937.523893206
2615003.0;0.0
2615102.0;0.0
2615201.0;0.0
2615300.0;10105.2471472
2615409.0;466.906091652
2615508.0;369.524291135
2615607.0;2542.60889816
2615706.0;0.0
2615805.0;0.0
2615904.0;0.0
2616001.0;766.416686011
2616100.0;0.0
2616183.0;0.0
2616209.0;2378.66799641
2616308.0;367.864767326
2616407.0;4140.72898658
2616506.0;0.0
2700102.0;0.0
2700201.0;0.0
2700300.0;121496.474184
2700409.0;404.252606366
2700508.0;5.24035087719
2700607.0;0.815389924086
2700706.0;0.0
2700805.0;404.643082557
2700904.0;0.0
2701001.0;0.0
2701100.0;0.4
2701209.0;0.0
2701308.0;0.0
2701357.0;0.0
2701407.0;101.349107539
2701506.0;0.5
2701605.0;0.0
2701704.0;0.0
2701803.0;0.0
2701902.0;0.0
2702009.0;0.0
2702108.0;24.4261904762
2702207.0;0.0
2702306.0;904.028309882
2702355.0;0.0
2702405.0;16152.7824748
2702504.0;0.0
2702553.0;0.0
2702603.0;0.0
2702702.0;646.100940027
2702801.0;1.0
2702900.0;0.0
2703007.0;0.0
2703106.0;0.0
2703205.0;0.0
2703304.0;0.0
2703403.0;0.0
2703502.0;0.0
2703601.0;0.0
2703700.0;0.333333333333
2703759.0;0.0
2703809.0;0.0
2703908.0;0.0
2704005.0;0.0
2704104.0;0.0
2704203.0;0.0
2704302.0;211744.619241
2704401.0;0.0
2704500.0;2266.60359917
2704609.0;0.0
2704708.0;0.0
2704807.0;647.999257859
2704906.0;0.0
2705002.0;0.0
2705101.0;0.125
2705200.0;5.4
2705309.0;0.0
2705408.0;0.0
2705507.0;0.4
2705606.0;0.0
2705705.0;11593.3079986
2705804.0;0.0
2705903.0;0.0
2706000.0;0.0
2706109.0;0.0
2706208.0;0.0
2706307.0;6788.65324028
2706406.0;3831.0
2706422.0;0.0
2706448.0;5.24035087719
2706505.0;0.125
2706604.0;0.0
2706703.0;4090.58242691
2706802.0;890.276895113
2706901.0;402.309749223
2707008.0;0.0
2707107.0;75.4062570627
2707206.0;0.0
2707305.0;2425.13561643
2707404.0;0.125
2707503.0;1505.31285784
2707602.0;0.0
2707701.0;0.4
2707800.0;0.0
2708006.0;25360.6383303
2708105.0;0.0
2708204.0;0.0
2708303.0;3827.83333333
2708402.0;0.0
2708501.0;10.8843984962
2708600.0;6329.23132699
2708709.0;0.125
2708808.0;4.4996031746
2708907.0;16.7873015873
2708956.0;0.0
2709004.0;545.466816987
2709103.0;0.0
2709152.0;2097.87822725
2709202.0;0.0
2709301.0;7661.83333333
2709400.0;404.47641589
2800100.0;3873.8215411
2800209.0;43.2856689214
2800308.0;250389.116112
2800407.0;0.125
2800506.0;16.8
2800670.0;2.54246031746
2800704.0;0.0
2801009.0;1.50396825397
2801108.0;42.8215410952
2801207.0;776.913551417
2801306.0;44.3697032249
2801405.0;0.0
2801504.0;3857.46140256
2801603.0;42.8215410952
2801702.0;1418.48423246
2801900.0;5.08060583917
2802007.0;0.0
2802106.0;4037.89747738
2802205.0;8.78785587856
2802304.0;1891.47778244
2802403.0;8.54624441713
2802502.0;0.0
2802601.0;2.82553366174
2802700.0;43.8718501611
2802809.0;0.0
2802908.0;5820.06926773
2803005.0;0.142857142857
2803104.0;2.5599702381
2803203.0;26.1892246642
2803302.0;39.0725136748
2803401.0;44.7825644468
2803500.0;280.240218099
2803609.0;72.8357027168
2803708.0;0.0
2803807.0;42.7446180183
2803906.0;0.0
2804003.0;131.539939793
2804102.0;6.55952380952
2804201.0;14.278798333
2804300.0;43.2856689214
2804409.0;43.2111358754
2804458.0;3.53126318126
2804508.0;19.3605443647
2804607.0;11.1974028675
2804706.0;53.718589672
2804805.0;11.8502657473
2804904.0;2.7380952381
2805000.0;0.0
2805109.0;2.24993894994
2805208.0;2.7373015873
2805307.0;0.0
2805406.0;7.59515893314
2805505.0;3831.34285714
2805604.0;1.4504304125
2805703.0;32185.894704
2805802.0;1.10827228327
2805901.0;1.0
2806008.0;6.21764901765
2806107.0;110.768439071
2806206.0;2.29285714286
2806305.0;0.0
2806404.0;0.0
2806503.0;0.0
2806602.0;0.0
2806701.0;0.0
2806800.0;0.527777777778
2806909.0;42.7446180183
2807006.0;0.0
2807105.0;212.534326768
2807204.0;1.89106384522
2807303.0;0.0
2807402.0;65.8416829429
2807501.0;0.0
2807600.0;2644.88078856
2900108.0;0.0
2900207.0;0.0
2900306.0;0.983766233766
2900355.0;0.0
2900405.0;0.0
2900504.0;0.0
2900603.0;0.0
2900702.0;18010.81794
2900801.0;1.0
2900900.0;0.0
2901007.0;63.647572107
2901106.0;1405.08784237
2901155.0;708.402029209
2901205.0;1036.49191799
2901304.0;3831.0
2901353.0;0.0
2901403.0;0.0
2901502.0;0.0
2901601.0;2651.46814539
2901700.0;0.0
2901809.0;2.5
2901908.0;0.0
2901957.0;0.0
2902005.0;586.133479715
2902054.0;918.131082079
2902104.0;42.7017526638
2902203.0;231.229741526
2902252.0;0.0
2902302.0;0.0
2902500.0;0.0
2902609.0;1.83333333333
2902658.0;0.0
2902708.0;1.97916666667
2902807.0;1446.43361671
2902906.0;0.0
2903003.0;0.5
2903102.0;143.539914545
2903201.0;211902.809297
2903235.0;0.0
2903276.0;0.0
2903300.0;0.0
2903409.0;0.0
2903508.0;3831.33333333
2903607.0;0.0
2903706.0;0.0
2903805.0;0.0
2903904.0;11929.0008332
2903953.0;0.0
2904001.0;0.0
2904050.0;0.0
2904100.0;60.0502521453
2904209.0;0.0
2904308.0;0.0
2904407.0;0.0
2904506.0;0.0
2904605.0;14733.544776
2904704.0;0.0
2904753.0;0.0
2904803.0;0.0
2904852.0;0.0
2904902.0;175.037613663
2905008.0;3831.0
2905107.0;0.25
2905156.0;0.0
2905206.0;25588.6133864
2905305.0;0.0
2905404.0;0.0
2905503.0;0.0
2905602.0;957.615912918
2905701.0;1384.54549728
2905800.0;610.106591575
2905909.0;0.0
2906006.0;229.676403778
2906105.0;0.0
2906204.0;0.0
2906303.0;3214.31718551
2906402.0;0.0
2906501.0;218.317008289
2906600.0;0.0
2906709.0;0.0
2906808.0;1.75
2906824.0;0.0
2906857.0;0.0
2906873.0;40872.5289351
2906899.0;0.0
2906907.0;0.0
2907004.0;0.0
2907103.0;0.0
2907202.0;0.0
2907301.0;1.27166666667
2907400.0;0.0
2907509.0;516.812809312
2907558.0;577.248795439
2907608.0;0.0
2907707.0;0.0
2907806.0;11786.1840878
2907905.0;273.913914806
2908002.0;1670.54486797
2908101.0;1276.33333333
2908200.0;1.30722610723
2908309.0;0.0
2908408.0;2709.78849281
2908507.0;7.00966728299
2908606.0;0.0
2908705.0;0.0
2908804.0;0.0
2908903.0;5.29036903738
2909000.0;0.0
2909109.0;1276.33333333
2909208.0;0.0
2909307.0;1241.78321671
2909406.0;0.0
2909505.0;0.0
2909604.0;0.0
2909703.0;31879.6570932
2909802.0;3633.23854502
2909901.0;0.0
2910008.0;0.0
2910057.0;0.627946127946
2910107.0;0.0
2910206.0;0.0
2910305.0;0.0
2910404.0;0.0
2910503.0;4248.36072934
2910602.0;155195.464016
2910701.0;0.428571428571
2910727.0;26055.5319741
2910750.0;0.0
2910776.0;0.0
2910800.0;666904.428262
2910859.0;0.0
2910909.0;0.0
2911006.0;36.2304102927
2911105.0;719.878224122
2911204.0;15301.7784005
2911253.0;43.6488781746
2911303.0;0.0
2911402.0;0.0
2911501.0;0.0
2911600.0;3133.36748149
2911659.0;0.0
2911709.0;23397.0656521
2911808.0;0.0
2911857.0;0.0
2911907.0;0.0
2912004.0;0.0
2912103.0;36.2304102927
2912202.0;0.0
2912301.0;0.0
2912400.0;0.0
2912509.0;0.0
2912608.0;0.0
2912707.0;0.0
2912806.0;0.0
2912905.0;331.215784065
2913002.0;0.0
2913101.0;0.0
2913200.0;49250.0394615
2913309.0;0.0
2913408.0;8.6712276819
2913457.0;610.106591575
2913507.0;0.0
2913606.0;34047.1175339
2913705.0;2103.70434448
2913804.0;0.0
2913903.0;11032.5230161
2914000.0;3832.83333333
2914109.0;0.0
2914208.0;0.0
2914307.0;0.0
2914406.0;278.218418144
2914505.0;1646.87201249
2914604.0;32623.9754119
2914653.0;180.972510095
2914703.0;677.898688393
2914802.0;32318.3986176
2914901.0;593.733724004
2915007.0;0.0
2915106.0;0.0
2915205.0;0.0
2915304.0;235.708637089
2915353.0;0.0
2915403.0;0.0
2915502.0;2188.56352168
2915601.0;3466.50455807
2915700.0;0.0
2915809.0;259.440337776
2915908.0;0.0
2916005.0;0.0
2916104.0;3978.03587562
2916203.0;0.0
2916302.0;0.0
2916401.0;7718.16044065
2916500.0;142.496554415
2916609.0;0.0
2916708.0;0.364454064454
2916807.0;151.514088803
2916856.0;897.265225166
2916906.0;0.0
2917003.0;0.0
2917102.0;1076.47604072
2917201.0;1446.43361671
2917300.0;1352.61285949
2917334.0;0.0
2917359.0;1276.33333333
2917409.0;0.0
2917508.0;22251.6354622
2917607.0;10.1326295693
2917706.0;0.0
2917805.0;0.0
2917904.0;0.0
2918001.0;80464.6499919
2918100.0;2651.46814539
2918209.0;0.575733525734
2918308.0;633.527679374
2918357.0;0.0
2918407.0;32943.6606779
2918456.0;0.0
2918506.0;0.0
2918555.0;0.0
2918605.0;0.0
2918704.0;0.0
2918753.0;0.0
2918803.0;437.298875601
2918902.0;0.0
2919009.0;0.0
2919058.0;0.0
2919108.0;0.0
2919157.0;0.0
2919306.0;0.25
2919405.0;0.0
2919504.0;9146.40436919
2919553.0;39785.5453815
2919603.0;0.0
2919702.0;0.0
2919801.0;221.556128087
2919900.0;0.0
2919926.0;0.0
2919959.0;0.0
2920007.0;151.514088803
2920106.0;0.0
2920205.0;0.0
2920304.0;0.0
2920403.0;2.91748258257
2920452.0;0.0
2920502.0;619.46258542
2920601.0;0.142857142857
2920700.0;0.0
2920809.0;0.0
2920908.0;0.0
2921005.0;0.583333333333
2921054.0;0.0
2921104.0;38.6912551864
2921203.0;0.4
2921302.0;349503.17343
2921401.0;0.0
2921450.0;0.0
2921500.0;0.0
2921609.0;0.0
2921708.0;11297.0410344
2921807.0;0.0
2921906.0;0.0
2922003.0;0.0
2922052.0;0.0
2922102.0;8.36666666667
2922201.0;0.0
2922250.0;0.0
2922300.0;1.38951048951
2922409.0;20.4227995952
2922508.0;81.0382454142
2922607.0;1378.89268317
2922656.0;0.0
2922706.0;0.0
2922730.0;40.8266559524
2922755.0;0.0
2922805.0;0.0
2922854.0;0.0
2922904.0;23.5719556179
2923001.0;2.4355139438
2923035.0;0.0
2923050.0;0.0
2923100.0;3847.20611784
2923209.0;0.111111111111
2923308.0;1.10277777778
2923357.0;0.0
2923407.0;0.0
2923506.0;0.0
2923605.0;540.161526066
2923704.0;346.389082931
2923803.0;66.4980413377
2923902.0;0.0
2924009.0;33273.2864654
2924058.0;0.0
2924108.0;0.0
2924207.0;0.0
2924306.0;3831.0
2924405.0;0.0
2924504.0;0.0
2924603.0;0.0
2924652.0;0.0
2924678.0;0.0
2924702.0;0.0
2924801.0;11.1873015873
2924900.0;0.0
2925006.0;1362.04003913
2925105.0;28403.890209
2925204.0;1451.33782046
2925253.0;0.222222222222
2925303.0;1101.06424257
2925402.0;50.5716291621
2925501.0;0.0
2925600.0;0.0
2925709.0;0.0
2925758.0;10.9822215104
2925808.0;771.981538876
2925907.0;0.142857142857
2925931.0;0.0
2925956.0;0.0
2926004.0;3831.0
2926103.0;768.398205543
2926202.0;4.0
2926301.0;3939.94265754
2926400.0;415.080122791
2926509.0;0.0
2926608.0;8454.36472345
2926657.0;0.0
2926707.0;0.0
2926806.0;0.0
2926905.0;0.0
2927002.0;132.542287633
2927101.0;0.0
2927200.0;0.0
2927309.0;0.0
2927408.0;297826.401964
2927507.0;178.445337837
2927606.0;0.0
2927705.0;0.0
2927804.0;12.9012109229
2927903.0;0.575733525734
2928000.0;768.398205543
2928059.0;0.0
2928109.0;22470.7644494
2928208.0;3831.0
2928307.0;0.0
2928406.0;3831.0
2928505.0;1.27166666667
2928604.0;4162.53839098
2928703.0;10228.266798
2928802.0;5837.8036427
2928901.0;3831.0
2928950.0;0.0
2929008.0;177.35423038
2929057.0;0.0
2929107.0;0.0
2929206.0;0.0
2929255.0;0.0
2929305.0;1.30722610723
2929354.0;0.0
2929370.0;0.0
2929404.0;3.37916594899
2929503.0;21.5815290989
2929602.0;3296.14360216
2929701.0;0.0
2929750.0;0.0
2929800.0;0.666666666667
2929909.0;46282.1941366
2930006.0;0.0
2930105.0;142769.592736
2930154.0;3831.0
2930204.0;0.0
2930303.0;0.0
2930402.0;0.0
2930501.0;735.849418733
2930600.0;0.0
2930709.0;522.93100627
2930758.0;0.0
2930766.0;0.0
2930774.0;0.0
2930808.0;601.849480137
2930907.0;0.0
2931004.0;5092.22476928
2931053.0;5.28571428571
2931103.0;126.955889912
2931202.0;1378.89268317
2931301.0;0.0
2931350.0;30723.853917
2931400.0;218.616715892
2931509.0;42.7017526638
2931608.0;0.0
2931707.0;0.0
2931806.0;0.333333333333
2931905.0;0.0
2932002.0;0.0
2932101.0;0.575733525734
2932200.0;4599.36712896
2932309.0;4659.85855226
2932408.0;0.0
2932457.0;0.0
2932507.0;0.0
2932606.0;0.0
2932705.0;4.33138825221
2932804.0;0.0
2932903.0;5078.56844704
2933000.0;2672.31595797
2933059.0;0.0
2933109.0;0.0
2933158.0;0.0
2933174.0;0.40404040404
2933208.0;0.0
2933257.0;0.0
2933307.0;123352.276944
2933406.0;0.0
2933455.0;0.0
2933505.0;332.514252064
2933604.0;0.0
3100104.0;0.666666666667
3100203.0;12329.3821726
3100302.0;337.945422822
3100401.0;0.0
3100500.0;0.0
3100609.0;1.10668498168
3100708.0;0.0
3100807.0;0.0
3100906.0;922.850869418
3101003.0;0.0
3101102.0;1438.83283328
3101201.0;0.0
3101300.0;0.0
3101508.0;8727.93307079
3101607.0;40423.4581544
3101631.0;0.0
3101706.0;2.49527883483
3101805.0;0.0
3101904.0;0.0
3102001.0;0.0
3102050.0;0.0
3102100.0;0.0
3102209.0;0.0
3102308.0;0.0
3102407.0;0.0
3102506.0;0.0
3102605.0;3516.14219165
3102803.0;0.0
3102852.0;0.0
3102902.0;0.0
3103009.0;0.0909090909091
3103108.0;238.686044302
3103207.0;3831.0
3103306.0;0.0
3103405.0;7661.0
3103504.0;2085.2682884
3103603.0;0.0
3103702.0;0.0
3103751.0;168.079841269
3103801.0;0.0
3103900.0;0.5
3104007.0;9784.64204535
3104106.0;4.82297130974
3104205.0;3147.92654526
3104304.0;44.2216905819
3104403.0;0.5
3104452.0;0.0
3104502.0;7914.10258392
3104601.0;2946.75192708
3104700.0;0.0
3104809.0;1.52904040404
3104908.0;0.0
3105004.0;0.0
3105103.0;106.646106816
3105202.0;0.0
3105301.0;0.0
3105400.0;0.666666666667
3105509.0;0.0
3105608.0;31679.4813137
3105707.0;0.0
3105905.0;2988.42351691
3106002.0;250.176628959
3106101.0;0.0
3106200.0;740978.896473
3106309.0;22.7817803346
3106408.0;0.0
3106507.0;0.0
3106606.0;0.0
3106655.0;0.0
3106705.0;4375.5404034
3106804.0;0.0
3106903.0;339.045012579
3107000.0;0.0
3107109.0;13506.9149288
3107307.0;3832.5290404
3107406.0;1940.39501774
3107505.0;0.0
3107604.0;0.0
3107703.0;0.0
3107802.0;3831.0
3107901.0;0.0
3108008.0;111.642069459
3108107.0;0.0
3108206.0;0.0
3108255.0;0.0
3108305.0;3988.86049202
3108404.0;0.0
3108503.0;0.0
3108552.0;261.129485864
3108602.0;0.0
3108701.0;0.0
3108800.0;0.0
3108909.0;1.16428571429
3109006.0;120.916439697
3109105.0;0.0
3109204.0;1.52904040404
3109253.0;0.0
3109303.0;0.0
3109402.0;0.0
3109451.0;0.0
3109501.0;0.0
3109600.0;2.0
3109709.0;182.866142266
3109808.0;0.0
3109907.0;0.0
3110004.0;3831.0
3110103.0;0.0
3110202.0;0.0
3110301.0;0.0
3110400.0;0.0
3110509.0;10.5891765098
3110608.0;7671.58917651
3110707.0;4977.18146923
3110806.0;430.410409082
3110905.0;0.0
3111002.0;20.1971543163
3111101.0;0.0
3111200.0;8872.75441252
3111309.0;0.0
3111408.0;0.0
3111507.0;0.0
3111606.0;10.2559371184
3111705.0;0.0
3111804.0;0.0
3111903.0;0.0
3112000.0;69.4548351047
3112059.0;0.0
3112109.0;0.0
3112208.0;0.0
3112307.0;3831.0
3112406.0;0.0
3112505.0;779.167904799
3112604.0;0.0
3112653.0;0.0
3112703.0;0.0
3112802.0;3040.89742904
3112901.0;0.0
3113008.0;0.0
3113107.0;0.0
3113206.0;16.1451182189
3113305.0;20567.3781265
3113404.0;44856.0811509
3113503.0;0.0
3113602.0;1121.37170928
3113701.0;0.0
3113800.0;0.0
3113909.0;0.0
3114006.0;16.7841161343
3114105.0;90.2475806004
3114204.0;0.0
3114303.0;1048.2865167
3114402.0;0.0
3114501.0;4288.99345258
3114550.0;0.0
3114600.0;0.0
3114709.0;0.0
3114808.0;0.0
3114907.0;0.0
3115003.0;0.0
3115102.0;102.218940585
3115201.0;0.0
3115300.0;17642.4221436
3115359.0;0.0
3115409.0;0.0
3115458.0;0.0
3115474.0;0.0
3115508.0;9837.74365039
3115706.0;0.0
3115805.0;0.0
3115904.0;0.0
3116001.0;0.0
3116100.0;0.0
3116159.0;0.0
3116209.0;0.0
3116308.0;0.0
3116407.0;0.0
3116506.0;0.0
3116605.0;1139.14430333
3116704.0;63.227597955
3116803.0;0.0
3116902.0;0.0
3117009.0;0.0
3117108.0;0.0
3117207.0;0.0
3117306.0;0.0
3117405.0;0.0
3117504.0;3831.0
3117603.0;0.0
3117702.0;0.0
3117801.0;0.0
3117836.0;0.0
3117876.0;0.0
3117900.0;0.0
3118007.0;146.55884905
3118106.0;0.0
3118205.0;0.0
3118304.0;25530.064929
3118403.0;1.47182539683
3118502.0;0.0
3118601.0;99.1167069551
3118700.0;1.67698412698
3118809.0;0.0
3118908.0;0.0
3119005.0;0.0
3119104.0;1.52904040404
3119203.0;0.5
3119302.0;88.4211151964
3119401.0;9097.91845349
3119500.0;0.0
3119609.0;21.9777608013
3119708.0;0.0
3119807.0;0.0
3119906.0;0.0
3119955.0;0.0
3120003.0;0.0
3120102.0;0.0
3120151.0;0.0
3120201.0;0.0
3120300.0;0.0
3120409.0;1547.76439113
3120508.0;19.4346891849
3120607.0;0.0
3120706.0;0.0
3120805.0;0.0
3120839.0;0.0
3120870.0;0.0
3120904.0;2421.91892021
3121001.0;0.0
3121100.0;0.0
3121209.0;0.0
3121258.0;0.0
3121308.0;0.0
3121407.0;0.0
3121506.0;0.0
3121605.0;3835.83333333
3121803.0;0.0
3121902.0;0.0
3122009.0;3831.0
3122108.0;0.0
3122207.0;0.0
3122306.0;34887.927222
3122355.0;0.0
3122405.0;0.0
3122454.0;0.0
3122504.0;373.590721133
3122603.0;0.0
3122702.0;0.0
3122801.0;0.0
3122900.0;59.792600812
3123007.0;0.0
3123106.0;0.0
3123205.0;0.5
3123304.0;0.0
3123403.0;0.0
3123528.0;36.0868710237
3123601.0;17.7772338108
3123700.0;3835.77615823
3123809.0;0.0
3123858.0;0.0
3123908.0;0.0
3124005.0;0.0
3124104.0;0.0
3124203.0;4633.66110424
3124302.0;7005.68148663
3124401.0;0.0
3124500.0;0.0
3124609.0;1.75106707941
3124807.0;0.0
3124906.0;0.0
3125002.0;0.0
3125101.0;879.491420175
3125200.0;0.0
3125309.0;0.0
3125408.0;0.0
3125507.0;0.0
3125606.0;0.0
3125705.0;3.59676434676
3125804.0;0.0
3125903.0;0.0
3125952.0;1123.40153137
3126000.0;6.65919916677
3126109.0;20072.7996592
3126208.0;0.0
3126307.0;0.0
3126406.0;0.0
3126505.0;0.0
3126604.0;0.0
3126703.0;0.0
3126752.0;0.0
3126802.0;0.0
3126901.0;474.506851289
3127008.0;0.0
3127057.0;0.0
3127073.0;0.0
3127107.0;6233.31379199
3127206.0;0.0
3127305.0;33.4091595685
3127339.0;0.0
3127354.0;0.0
3127370.0;0.0
3127388.0;1.11111111111
3127404.0;0.0
3127503.0;0.0
3127602.0;5338.18760625
3127701.0;189587.766187
3127800.0;0.0
3127909.0;0.0
3128006.0;5247.6193496
3128105.0;0.0
3128204.0;0.0
3128253.0;0.0
3128303.0;0.0
3128402.0;2.75098039216
3128501.0;0.0
3128600.0;0.0
3128709.0;2439.34974369
3128808.0;0.0
3128907.0;0.0
3129004.0;0.0
3129103.0;0.0
3129202.0;8.12368268986
3129301.0;1692.70558004
3129400.0;0.0
3129509.0;0.0
3129608.0;0.0
3129657.0;0.0
3129707.0;0.0
3129806.0;0.0
3129905.0;0.0
3130002.0;0.0
3130051.0;0.0
3130101.0;8.79152689416
3130200.0;0.0
3130309.0;38.2095920672
3130408.0;0.0
3130507.0;0.0
3130556.0;0.0
3130606.0;102.248503923
3130655.0;0.0
3130705.0;0.0
3130804.0;0.0
3130903.0;8206.1828019
3131000.0;0.0
3131109.0;0.0
3131158.0;0.0
3131208.0;1.5
3131307.0;28969.5136482
3131406.0;0.0
3131505.0;0.0
3131604.0;47.2811688126
3131703.0;45.0743836401
3131802.0;0.0
3131901.0;1030.64810963
3132008.0;0.0
3132107.0;0.0
3132206.0;14186.5727754
3132305.0;0.0
3132404.0;29188.743832
3132503.0;0.0
3132602.0;0.0
3132701.0;451.231879289
3132800.0;0.0
3132909.0;0.0
3133006.0;0.0
3133105.0;3203.70338585
3133204.0;0.0
3133303.0;10425.2396017
3133402.0;0.0
3133501.0;0.0
3133600.0;10.5891765098
3133709.0;0.0
3133758.0;1358.44517211
3133808.0;4602.39997809
3133907.0;0.0
3134004.0;0.0
3134103.0;1.47182539683
3134202.0;4011.16797026
3134301.0;0.0
3134400.0;1.0
3134509.0;0.0
3134608.0;0.0
3134707.0;0.0
3134806.0;0.0
3134905.0;10.7609309826
3135001.0;0.0909090909091
3135050.0;0.0
3135076.0;0.0
3135100.0;0.0
3135209.0;5734.6736537
3135308.0;0.0
3135357.0;0.0
3135407.0;0.0
3135456.0;0.0
3135506.0;0.0
3135605.0;0.0
3135704.0;0.0
3135803.0;0.0
3135902.0;0.0
3136009.0;0.0
3136108.0;1915.0
3136207.0;27954.03022
3136306.0;5805.42655956
3136405.0;1.52904040404
3136504.0;0.0
3136520.0;0.0
3136553.0;326.748943235
3136579.0;0.0
3136603.0;0.0
3136652.0;1458.21995433
3136702.0;129440.359163
3136801.0;0.0
3136900.0;0.0
3136959.0;0.0
3137007.0;0.0
3137106.0;0.0
3137205.0;1542.47156873
3137403.0;0.0
3137502.0;825.585679499
3137536.0;0.0
3137601.0;0.0
3137700.0;7694.91728851
3137809.0;694.126114052
3137908.0;0.0
3138005.0;120.894451448
3138104.0;0.416666666667
3138203.0;33793.6348145
3138302.0;0.0
3138351.0;0.0
3138401.0;35094.6033012
3138500.0;0.0
3138609.0;0.0
3138625.0;0.0
3138658.0;0.0
3138674.0;0.0
3138682.0;0.0
3138708.0;0.0
3138807.0;25499.2257722
3138906.0;0.0
3139003.0;9781.55362465
3139102.0;0.0
3139201.0;0.0
3139250.0;0.0
3139300.0;0.0
3139409.0;62290.0500851
3139508.0;151.251146839
3139607.0;3483.03334756
3139706.0;0.0
3139805.0;3831.0
3139904.0;0.0
3140001.0;623.744846743
3140100.0;0.0
3140159.0;0.0
3140209.0;0.0
3140308.0;0.0909090909091
3140407.0;0.0
3140506.0;128.498363202
3140530.0;4733.26287291
3140555.0;0.0
3140605.0;0.0
3140704.0;568.137034938
3140803.0;0.0
3140852.0;0.0
3140902.0;0.0
3141009.0;0.0
3141108.0;782.501238133
3141207.0;0.0
3141306.0;0.0
3141405.0;0.0
3141504.0;0.0
3141603.0;2.52580155413
3141702.0;1915.0
3141801.0;0.0
3141900.0;0.0
3142007.0;7.16666666667
3142106.0;3831.0
3142205.0;0.0
3142254.0;0.0
3142304.0;0.0
3142403.0;1.05339366516
3142502.0;0.0
3142601.0;0.0
3142700.0;0.0
3142809.0;25.6571836036
3142908.0;0.0
3143005.0;0.0
3143104.0;59.3760524447
3143153.0;0.0
3143203.0;8.27380606001
3143302.0;74807.2098771
3143401.0;0.883928571429
3143450.0;0.0
3143500.0;0.0
3143609.0;0.0
3143708.0;0.0
3143807.0;0.0
3143906.0;28256.2186599
3144003.0;0.0
3144102.0;61.7089735175
3144201.0;0.0
3144300.0;5928.39312348
3144359.0;122.487933857
3144375.0;0.0
3144409.0;0.0
3144508.0;0.0
3144607.0;905.954052966
3144656.0;0.0
3144672.0;0.0
3144706.0;1267.25891382
3144805.0;0.5
3144904.0;0.0
3145000.0;32.9598436825
3145059.0;0.0
3145109.0;0.0
3145208.0;8316.75578103
3145307.0;0.0
3145356.0;0.0
3145372.0;0.0
3145406.0;0.0
3145455.0;0.0
3145505.0;0.0
3145604.0;2750.42247257
3145703.0;0.0
3145802.0;118.916439697
3145851.0;0.0
3145877.0;0.0
3145901.0;4.84642857143
3146008.0;6716.49505577
3146107.0;650.053481165
3146206.0;0.0
3146255.0;0.0
3146305.0;1373.00161233
3146404.0;0.0
3146503.0;0.958333333333
3146552.0;0.0
3146602.0;0.0
3146701.0;0.0
3146750.0;0.0
3146909.0;2775.64302118
3147006.0;7080.98663533
3147105.0;15503.5179809
3147204.0;137.194960555
3147303.0;669.731182528
3147402.0;81.3763776714
3147501.0;0.0
3147600.0;0.0
3147709.0;0.0
3147808.0;0.0
3147907.0;20370.1947467
3147956.0;0.0
3148004.0;11543.5715563
3148103.0;12160.757335
3148202.0;12.0624326621
3148301.0;0.0
3148400.0;0.0
3148509.0;0.0
3148608.0;3850.10068677
3148707.0;0.0
3148756.0;0.0
3148806.0;0.0
3148905.0;118.916439697
3149002.0;3.82777777778
3149101.0;0.0
3149150.0;0.0
3149200.0;0.0
3149309.0;4.16666666667
3149408.0;0.0
3149507.0;0.0
3149606.0;0.0
3149705.0;5.93658302969
3149804.0;66.2032377256
3149903.0;18037.4570378
3149952.0;120.025381643
3150000.0;0.0
3150109.0;0.0
3150158.0;0.0
3150208.0;0.0
3150307.0;0.0
3150406.0;0.0
3150505.0;0.333333333333
3150539.0;0.0
3150570.0;0.0
3150604.0;0.0
3150703.0;0.0
3150802.0;596.857199143
3150901.0;0.0
3151008.0;4976.98618788
3151107.0;10.2263512723
3151206.0;5871.19112081
3151305.0;1729.49789246
3151404.0;679.792219877
3151503.0;2115.7911338
3151602.0;71.0663708428
3151701.0;0.0
3151800.0;27754.2155756
3151909.0;0.0
3152006.0;70.0911637322
3152105.0;26995.8317542
3152131.0;0.0
3152170.0;0.0
3152204.0;3831.0
3152303.0;596.857199143
3152402.0;0.0
3152501.0;28084.3786726
3152600.0;0.0
3152709.0;8.04706349206
3152808.0;0.0
3152907.0;0.0
3153004.0;0.0
3153103.0;0.0
3153202.0;0.0
3153301.0;0.0
3153400.0;0.0
3153509.0;8.06621572872
3153608.0;779.167904799
3153707.0;0.0
3153806.0;0.0
3153905.0;1915.0
3154002.0;448.406636488
3154101.0;0.0
3154150.0;24.1654748925
3154200.0;0.0
3154309.0;0.0
3154408.0;0.2
3154457.0;7.0119047619
3154507.0;0.0
3154705.0;0.0
3154804.0;1915.0
3154903.0;726.485443234
3155009.0;0.0
3155108.0;0.0
3155207.0;0.0
3155306.0;0.0
3155405.0;1.11111111111
3155504.0;0.0
3155603.0;0.0
3155702.0;0.0
3155801.0;6429.75078936
3155900.0;0.0
3156007.0;0.0
3156106.0;0.0
3156205.0;0.0
3156304.0;0.0
3156403.0;0.0
3156452.0;0.0
3156502.0;0.0
3156601.0;0.0
3156700.0;0.0
3156809.0;0.0
3156908.0;14.5889276301
3157005.0;414.813305206
3157104.0;0.0
3157203.0;3831.0
3157252.0;0.0
3157278.0;0.0
3157302.0;426.203160686
3157377.0;0.0
3157401.0;0.0
3157500.0;0.0
3157658.0;0.0
3157708.0;879.433887993
3157807.0;0.0
3157906.0;0.0
3158003.0;4.94001831502
3158102.0;0.0
3158201.0;1.10668498168
3158300.0;98.8696744233
3158409.0;0.0
3158508.0;0.0
3158607.0;0.0
3158706.0;0.0
3158805.0;0.0
3158904.0;0.0
3158953.0;0.0
3159001.0;0.0
3159100.0;0.0
3159209.0;618.531536835
3159308.0;0.0
3159357.0;0.0
3159407.0;0.0
3159506.0;0.0
3159605.0;1639.88852112
3159704.0;0.0
3159803.0;0.0
3159902.0;662.335844199
3160009.0;0.0
3160108.0;0.0
3160207.0;0.0
3160306.0;0.0
3160405.0;118.916439697
3160504.0;0.0
3160603.0;0.0
3160702.0;7666.71516262
3160801.0;0.0
3160900.0;3848.72045455
3160959.0;0.0
3161007.0;0.0
3161106.0;54.2534612971
3161205.0;2.7119047619
3161304.0;0.0
3161403.0;0.0
3161502.0;6.5577295778
3161601.0;0.0
3161700.0;0.0
3161809.0;0.0
3161908.0;13.6180543638
3162005.0;1002.60417714
3162104.0;3056.77173717
3162203.0;0.0
3162252.0;0.0
3162302.0;0.0
3162401.0;0.0
3162450.0;0.0
3162500.0;21342.3793719
3162559.0;0.0
3162575.0;0.0
3162609.0;0.0
3162658.0;0.0
3162708.0;0.0
3162807.0;287.032292197
3162906.0;4.5
3162922.0;0.0
3162948.0;0.0
3162955.0;0.0
3163003.0;0.0
3163102.0;0.0
3163201.0;0.0
3163300.0;0.0
3163409.0;0.0
3163508.0;0.0
3163607.0;0.0
3163706.0;7716.62914518
3163805.0;0.0
3163904.0;0.0
3164001.0;0.0
3164100.0;158.856968646
3164209.0;0.0
3164308.0;0.0
3164407.0;0.0
3164431.0;0.0
3164472.0;0.0
3164605.0;0.0
3164704.0;9559.81173555
3164803.0;0.0
3164902.0;0.0
3165008.0;0.0
3165107.0;0.0
3165206.0;0.0
3165305.0;1.0
3165404.0;15.9605830719
3165503.0;0.0
3165537.0;0.0
3165552.0;0.0
3165560.0;0.0
3165578.0;0.0
3165602.0;0.0
3165701.0;0.0
3165800.0;0.0
3165909.0;0.0
3166006.0;0.0
3166105.0;0.0
3166204.0;0.0
3166303.0;0.0
3166402.0;0.0
3166501.0;0.0
3166709.0;0.0
3166808.0;0.0
3166907.0;0.0
3166956.0;0.0
3167103.0;2.66666666667
3167202.0;34187.8179048
3167301.0;0.0
3167400.0;0.0
3167509.0;0.0
3167608.0;0.0
3167707.0;0.0
3167806.0;0.0
3167905.0;8.77461085694
3168002.0;0.0
3168051.0;0.0
3168101.0;0.0
3168200.0;0.0
3168309.0;0.0
3168408.0;0.881960784314
3168507.0;956.804851459
3168606.0;60841.9751341
3168705.0;3866.28396313
3168804.0;0.0
3168903.0;0.0
3169000.0;56.9986687122
3169059.0;0.0
3169109.0;0.0
3169208.0;352.292450973
3169307.0;14783.552725
3169356.0;1720.52775135
3169406.0;0.0
3169505.0;0.0
3169604.0;7.46991054176
3169703.0;0.0
3169802.0;0.0
3169901.0;18446.0118667
3170008.0;0.0
3170057.0;1291.60342972
3170107.0;59235.3934534
3170206.0;96491.5407394
3170305.0;0.0
3170404.0;0.0
3170438.0;0.0
3170503.0;0.0
3170529.0;0.0
3170578.0;0.0
3170602.0;0.0
3170701.0;21085.6797964
3170750.0;0.0
3170800.0;0.0
3170909.0;0.0
3171006.0;0.0
3171071.0;0.0
3171105.0;0.0
3171154.0;0.0
3171204.0;0.0
3171303.0;43610.144679
3171402.0;0.0
3171501.0;0.0
3171600.0;0.0
3171709.0;0.0
3171808.0;0.0
3171907.0;0.0
3172004.0;3868.11339871
3172103.0;1.75106707941
3172202.0;0.0
3200102.0;186.126539631
3200136.0;2.4355139438
3200169.0;0.0
3200201.0;1919.48095238
3200300.0;0.0
3200359.0;0.0
3200409.0;8.43759157509
3200508.0;2.20357142857
3200607.0;2.4355139438
3200706.0;0.0
3200805.0;0.0
3200904.0;9644.11847999
3201001.0;12.8359202843
3201100.0;5439.13129979
3201159.0;0.0
3201209.0;22410.9494302
3201308.0;29.8588023088
3201407.0;4.20627428127
3201506.0;21202.4071863
3201605.0;590.525979491
3201704.0;36.2760342176
3201803.0;0.0
3201902.0;3976.31133748
3202009.0;0.0
3202108.0;0.0
3202207.0;31.0519812803
3202256.0;6.50494864613
3202306.0;6802.62775888
3202405.0;511.909529091
3202454.0;19411.9996181
3202504.0;242.503841347
3202553.0;0.0
3202603.0;41.1038950399
3202652.0;0.0
3202702.0;200.146154216
3202801.0;400.887426466
3202900.0;200.146154216
3203007.0;7661.0
3203056.0;0.6
3203106.0;1919.48095238
3203130.0;594.290249884
3203163.0;0.0
3203205.0;10060.7822016
3203304.0;319.504303767
3203320.0;477.234313101
3203346.0;648.071790798
3203353.0;0.0
3203403.0;858.175136614
3203502.0;0.657731157731
3203601.0;337.925486943
3203700.0;0.0
3203809.0;0.0
3203908.0;3141.49029415
3204005.0;0.0
3204054.0;287.663076354
3204104.0;1239.02418876
3204203.0;8.91378205128
3204252.0;337.881295023
3204302.0;0.0
3204351.0;200.677702686
3204401.0;0.142857142857
3204500.0;200.146154216
3204559.0;200.146154216
3204609.0;1770.98485398
3204658.0;2622.15893223
3204708.0;96.537746545
3204807.0;3905.23834584
3204906.0;3498.26293914
3204955.0;0.0
3205002.0;10265.9804516
3205010.0;199.199075134
3205036.0;4.20627428127
3205069.0;15052.8376241
3205101.0;460.011936027
3205150.0;0.0
3205176.0;0.0
3205200.0;2238.31850499
3205309.0;188021.555181
3300100.0;1013.72377878
3300159.0;11.0758582583
3300209.0;409.57270598
3300225.0;74.3947505398
3300233.0;0.0
3300258.0;417.289315871
3300308.0;3984.61190846
3300407.0;25299.1466442
3300506.0;7508.23974041
3300605.0;1.01413897483
3300704.0;478.278302249
3300803.0;3832.01413897
3300902.0;0.0714285714286
3300936.0;1.01413897483
3300951.0;0.0
3301009.0;11433.4857837
3301108.0;3362.71932688
3301157.0;0.160256410256
3301207.0;0.0
3301306.0;1224.41693578
3301405.0;3.17503607504
3301504.0;88.3902239071
3301603.0;0.0
3301702.0;5.05057026307
3301801.0;0.0
3301850.0;0.0
3301876.0;409.17270598
3301900.0;0.0
3302007.0;21.953506069
3302056.0;0.703113553114
3302106.0;1580.7900467
3302205.0;7241.28720155
3302254.0;497.162579598
3302270.0;3.60714285714
3302304.0;0.0714285714286
3302403.0;6052.46668197
3302452.0;3180.53696948
3302502.0;0.0
3302601.0;0.0
3302809.0;0.0
3302908.0;184.664235551
3303005.0;2763.49675986
3303104.0;2272.86583134
3303203.0;0.0
3303302.0;17422.9489192
3303401.0;12597.9169376
3303500.0;3486.25073895
3303609.0;1915.25361212
3303708.0;0.0
3303807.0;125.180023166
3303856.0;1816.79097257
3303906.0;7583.88469725
3303955.0;0.0
3304003.0;87.1050338313
3304102.0;1586.21513219
3304110.0;0.222222222222
3304128.0;0.0
3304151.0;2.77620697929
3304201.0;6444.94186707
3304300.0;5456.8076499
3304409.0;0.222222222222
3304508.0;0.0
3304524.0;764.305967528
3304557.0;484283.230804
3304607.0;0.0
3304706.0;3466.55151509
3304755.0;0.0
3304805.0;1210.61393222
3304904.0;19.790890492
3305000.0;0.0
3305133.0;0.0714285714286
3305158.0;2.27826196315
3305208.0;423.605863135
3305307.0;0.0714285714286
3305406.0;0.0
3305505.0;1.01413897483
3305554.0;73.5178252757
3305604.0;0.0
3305703.0;0.0
3305752.0;0.0
3305802.0;8593.21507175
3305901.0;9.87997557998
3306008.0;20064.1852879
3306107.0;7661.22222222
3306156.0;0.0
3306206.0;114.863740964
3306305.0;12637.3608558
3500105.0;5741.55326513
3500204.0;1276.33333333
3500303.0;0.465079365079
3500402.0;447.460185986
3500501.0;3005.90107492
3500550.0;3.33333333333
3500600.0;99.9607734294
3500709.0;570.641328531
3500758.0;0.0
3500808.0;0.0
3500907.0;0.0
3501004.0;0.0
3501103.0;0.0
3501152.0;0.0
3501202.0;0.0
3501301.0;0.0
3501400.0;0.0
3501509.0;0.0
3501608.0;2045.51761139
3501707.0;0.0
3501806.0;0.0
3501905.0;376.412817611
3502002.0;0.0
3502101.0;22924.7960357
3502200.0;0.0
3502309.0;0.0
3502408.0;0.0
3502507.0;12033.9115084
3502606.0;0.0
3502705.0;3832.01785714
3502754.0;1981.46303876
3502804.0;24776.4004225
3502903.0;0.0
3503000.0;0.0
3503109.0;0.0
3503158.0;0.0
3503208.0;22894.2438049
3503307.0;1112.60461029
3503356.0;0.0
3503406.0;0.0
3503505.0;0.0
3503604.0;0.0
3503703.0;0.0
3503802.0;516.234071294
3503901.0;335.889557822
3504008.0;39510.4088811
3504107.0;15168.4719508
3504206.0;645.547944203
3504305.0;0.0
3504404.0;0.0
3504503.0;16326.0726522
3504602.0;0.0
3504800.0;3.61377262343
3504909.0;3831.0
3505005.0;0.0
3505104.0;0.0
3505203.0;0.0
3505302.0;0.0
3505351.0;0.0
3505401.0;0.0
3505500.0;6576.30766047
3505609.0;124.854186743
3505708.0;0.0
3505807.0;528.216109836
3505906.0;1088.49862722
3506003.0;40193.7220942
3506102.0;13492.2326318
3506201.0;0.0
3506300.0;0.0
3506359.0;332.822147319
3506409.0;0.0
3506508.0;7590.05670846
3506607.0;0.0
3506706.0;27.7269617203
3506805.0;0.25
3506904.0;3417.4243964
3507001.0;1581.42719054
3507100.0;0.0
3507159.0;0.0
3507209.0;0.0
3507308.0;0.0
3507407.0;177.225959923
3507456.0;0.0
3507506.0;6619.29107203
3507605.0;9746.48958711
3507704.0;0.0
3507753.0;0.0
3507803.0;0.0
3507902.0;2.15252525253
3508009.0;0.0
3508108.0;39.4200831791
3508207.0;0.0
3508306.0;43.9155937507
3508405.0;6.19399499655
3508504.0;1680.16426835
3508603.0;3865.36292986
3508702.0;1.98452380952
3508801.0;1325.20791763
3508900.0;0.0
3509106.0;66.6400354569
3509205.0;0.0
3509254.0;236.106992422
3509304.0;6.58132423132
3509403.0;411.571290521
3509452.0;0.0
3509502.0;297230.670756
3509601.0;2349.86685326
3509700.0;5707.00987466
3509809.0;0.0
3509908.0;0.0
3509957.0;0.0
3510005.0;0.0
3510153.0;0.0
3510203.0;6474.75381079
3510302.0;103.949407066
3510401.0;1764.91236668
3510500.0;1.5047109753
3510708.0;0.0
3510807.0;5572.98226774
3511003.0;0.444444444444
3511102.0;23778.9846483
3511201.0;584.811785637
3511300.0;0.0
3511409.0;3702.06074466
3511508.0;4509.04480949
3511607.0;20.2323164938
3511706.0;0.0
3511904.0;0.0
3512001.0;3831.0
3512100.0;0.0
3512209.0;2.01785714286
3512308.0;196.268483892
3512407.0;6.18598901099
3512506.0;0.0
3512605.0;0.0
3512704.0;0.0
3512803.0;9.92887806638
3512902.0;166.620462002
3513009.0;0.542857142857
3513108.0;0.0
3513207.0;0.5
3513306.0;0.0
3513405.0;6548.11609353
3513504.0;2661.04969517
3513603.0;0.0
3513702.0;1.2068986569
3513801.0;0.0
3513850.0;0.0
3513900.0;7.27983695427
3514007.0;0.0
3514106.0;3.81098035951
3514205.0;0.0
3514304.0;0.709401709402
3514403.0;10397.3070948
3514502.0;46.7013080364
3514601.0;0.0
3514700.0;0.0
3514809.0;0.0
3514908.0;0.0
3514924.0;0.0
3514957.0;0.0
3515004.0;1.10606660719
3515129.0;0.0
3515152.0;0.166666666667
3515186.0;514.516052738
3515194.0;0.0
3515202.0;424.499887171
3515301.0;0.0
3515350.0;0.0
3515400.0;3385.96183164
3515509.0;3133.98665349
3515608.0;0.0
3515657.0;0.0
3515707.0;0.0
3515806.0;0.0
3515905.0;0.0
3516002.0;545.519009538
3516101.0;0.0
3516200.0;41026.7697115
3516309.0;1.97083333333
3516408.0;1.97083333333
3516507.0;0.0
3516606.0;1.28571428571
3516705.0;5585.50930636
3516804.0;0.0
3516853.0;0.0
3516903.0;155.00073393
3517000.0;0.0
3517109.0;0.0
3517208.0;0.0
3517307.0;0.0
3517406.0;9.7759080445
3517505.0;0.0
3517604.0;0.0
3517703.0;4.66967456348
3517802.0;0.0
3517901.0;0.0
3518008.0;0.0
3518107.0;515.406090843
3518206.0;0.0
3518305.0;332.215897319
3518404.0;3859.74715004
3518503.0;0.0
3518602.0;3834.34848485
3518701.0;2615.11934448
3518800.0;1156.99890188
3518859.0;0.0
3518909.0;155.00073393
3519006.0;0.0
3519055.0;0.333333333333
3519071.0;0.0
3519105.0;3.73945363586
3519204.0;2.96785714286
3519253.0;0.0
3519303.0;0.0
3519402.0;5824.94889734
3519501.0;0.0
3519600.0;1820.04906363
3519709.0;2546.18095238
3519808.0;1.74332236391
3519907.0;0.0
3520004.0;0.0
3520103.0;76.9646423391
3520202.0;1.52731664471
3520301.0;1034.99893637
3520426.0;1034.99893637
3520442.0;1007.43518859
3520509.0;7552.82172983
3520608.0;0.5
3520707.0;0.0
3520806.0;0.0
3520905.0;2040.69042652
3521002.0;0.0
3521101.0;0.0
3521150.0;0.0
3521200.0;0.0
3521309.0;0.0
3521408.0;0.0
3521507.0;0.0
3521606.0;66.4843366106
3521705.0;0.0
3521804.0;311.964443836
3521903.0;0.0
3522000.0;0.0
3522109.0;2068.16084243
3522158.0;0.0
3522208.0;0.0
3522307.0;22595.6054348
3522406.0;15462.5518584
3522505.0;0.0
3522604.0;250.015541168
3522653.0;0.0
3522703.0;431.33728477
3522802.0;10223.2452997
3522901.0;3834.81098036
3523008.0;0.0
3523107.0;0.0
3523206.0;858.79844589
3523305.0;2.29761904762
3523404.0;20.8489833266
3523503.0;9.89430846931
3523602.0;3.69052615753
3523701.0;0.0
3523800.0;0.0
3523909.0;1210.61280704
3524006.0;0.0
3524105.0;84.9968649841
3524204.0;0.0
3524303.0;10546.7713211
3524402.0;6224.51259932
3524501.0;3.13758214724
3524600.0;686.645631549
3524709.0;10.7683982684
3524808.0;6575.34116404
3524907.0;0.317107409499
3525201.0;0.0
3525300.0;8188.86795519
3525409.0;1915.0
3525508.0;0.0
3525607.0;0.0
3525706.0;3847.04315774
3525805.0;1.72741702742
3525854.0;0.111111111111
3525904.0;17714.8105485
3526001.0;116.763457389
3526100.0;1743.40427413
3526209.0;3831.7
3526308.0;0.0
3526407.0;3.21849526038
3526506.0;0.0
3526605.0;0.0
3526704.0;4824.95548395
3526803.0;4401.64132853
3526902.0;648.409257363
3527009.0;1095.47079627
3527108.0;18300.137686
3527207.0;1592.45506521
3527306.0;0.0
3527405.0;966.813945138
3527504.0;43.9155937507
3527603.0;0.0
3527702.0;0.0
3527801.0;3831.0
3527900.0;0.0
3528007.0;0.0
3528106.0;3.13758214724
3528304.0;155.00073393
3528403.0;0.0
3528502.0;5.61904761905
3528601.0;3831.0
3528700.0;0.0
3528809.0;0.0
3528858.0;0.0
3528908.0;0.0
3529005.0;37044.4125034
3529104.0;0.0
3529203.0;64.1075530803
3529302.0;4456.26713141
3529401.0;0.142857142857
3529500.0;1276.33333333
3529609.0;0.492857142857
3529658.0;0.0
3529708.0;194.423222637
3529807.0;3.81098035951
3529906.0;2399.18826991
3530003.0;0.0
3530102.0;148.672994917
3530201.0;0.0
3530300.0;9135.54989854
3530409.0;0.0
3530508.0;9482.98598751
3530607.0;8342.74892308
3530706.0;234.519781856
3530805.0;725.302202757
3530904.0;0.0
3531001.0;0.0
3531100.0;794.717261156
3531209.0;0.0
3531308.0;925.797668817
3531407.0;3995.80549583
3531506.0;0.0
3531605.0;0.0
3531704.0;0.0
3531803.0;0.0
3531902.0;0.0
3532009.0;0.0
3532058.0;0.0
3532108.0;0.0
3532157.0;0.0
3532207.0;0.0
3532306.0;0.0
3532405.0;43.7854619271
3532504.0;3.13758214724
3532603.0;149.695818486
3532702.0;0.0
3532801.0;1276.33333333
3532827.0;0.0
3532843.0;0.0
3532900.0;1.72592309651
3533007.0;5.03381279453
3533106.0;0.0
3533205.0;0.0
3533254.0;0.0
3533304.0;0.0
3533403.0;31.7582713357
3533502.0;1388.13803168
3533601.0;0.0
3533700.0;0.0
3533809.0;0.0
3533908.0;8935.75438073
3534005.0;0.0
3534104.0;0.0
3534203.0;1915.0
3534302.0;2384.08198404
3534401.0;1685.39279775
3534500.0;0.0
3534609.0;12054.3113893
3534708.0;28841.3451891
3534757.0;0.0
3534807.0;0.0
3534906.0;1.65151515152
3535002.0;0.0
3535101.0;0.0
3535200.0;0.0
3535309.0;0.0
3535408.0;0.0
3535507.0;509.459604169
3535606.0;2.86726508785
3535705.0;0.0
3535804.0;0.0
3535903.0;0.0
3536000.0;5974.58829917
3536109.0;0.0
3536208.0;3.86666666667
3536307.0;0.0
3536406.0;0.0
3536505.0;0.0
3536570.0;0.0
3536604.0;1915.0
3536703.0;753.549301725
3536802.0;0.0
3537008.0;1915.0
3537107.0;0.0
3537156.0;0.0
3537206.0;2.29761904762
3537305.0;8398.03395309
3537404.0;6841.44477229
3537503.0;196.268483892
3537602.0;3468.98161316
3537701.0;0.0
3537800.0;4709.97750525
3537909.0;2.0
3538006.0;9470.2419894
3538105.0;21.1411994005
3538204.0;502.971327408
3538303.0;66.6400354569
3538501.0;2.71745303191
3538600.0;3831.0
3538709.0;19170.5465826
3538808.0;7079.12362119
3538907.0;2494.07469333
3539004.0;155.22051142
3539103.0;8503.42082971
3539202.0;2.5
3539301.0;1023.90424007
3539400.0;13.009653092
3539509.0;759.446576875
3539608.0;0.0
3539707.0;0.0
3539806.0;0.0
3539905.0;3.13758214724
3540002.0;1590.41779604
3540101.0;0.0
3540200.0;0.0
3540259.0;0.0
3540309.0;0.0
3540408.0;0.0
3540507.0;4305.03960527
3540606.0;11.5098263442
3540705.0;1319.39651693
3540804.0;0.0
3540903.0;1.0
3541000.0;2718.99435595
3541059.0;0.0
3541109.0;0.0
3541208.0;76.7182015818
3541307.0;3401.04542591
3541406.0;123085.431661
3541505.0;5613.66338468
3541604.0;0.0
3541653.0;0.0
3541703.0;0.0
3541802.0;0.0
3541901.0;3831.14285714
3542008.0;0.0
3542107.0;0.0
3542206.0;558.263473977
3542305.0;0.0
3542404.0;1.5
3542503.0;0.0
3542602.0;19475.1390247
3542800.0;0.0
3542909.0;0.709401709402
3543006.0;0.0
3543105.0;0.0
3543204.0;0.0
3543238.0;0.0
3543253.0;0.0
3543303.0;14.5282215669
3543402.0;188266.222877
3543501.0;0.0
3543600.0;0.0
3543709.0;3831.0
3543808.0;17.0246220097
3543907.0;12127.2525803
3544004.0;0.0
3544202.0;0.0
3544251.0;0.0
3544301.0;4.21250090489
3544509.0;0.0
3544608.0;0.0
3544707.0;0.0
3544806.0;0.0
3544905.0;1449.13213496
3545001.0;0.0
3545100.0;0.0
3545159.0;0.111111111111
3545209.0;1.33156635032
3545308.0;0.0
3545407.0;44.904662515
3545506.0;0.0
3545605.0;68.0114137963
3545704.0;0.0
3545803.0;325.656626179
3546009.0;0.0
3546207.0;0.0
3546256.0;0.0
3546306.0;28.1058301518
3546405.0;8443.5660854
3546504.0;0.0
3546603.0;8541.68628305
3546702.0;0.0
3546801.0;11345.0327372
3546900.0;0.0
3547007.0;0.0
3547106.0;0.0
3547205.0;0.0
3547304.0;0.0
3547403.0;0.0
3547502.0;0.0
3547601.0;1084.45973833
3547650.0;0.0
3547700.0;6393.99354817
3547809.0;1586.57161909
3547908.0;0.0
3548005.0;0.0
3548054.0;0.0
3548104.0;0.366666666667
3548203.0;0.0
3548302.0;0.5
3548401.0;0.0
3548500.0;6613.99813306
3548609.0;3.30753968254
3548708.0;4085.10875737
3548807.0;443.199315584
3548906.0;8753.07088751
3549003.0;0.0
3549102.0;6263.80627463
3549300.0;0.0
3549409.0;4847.58076248
3549508.0;0.0
3549607.0;0.0
3549706.0;1258.68452149
3549805.0;216052.436466
3549904.0;75199.4404018
3549953.0;0.0
3550001.0;1.33333333333
3550100.0;6942.57751559
3550209.0;5.47094572095
3550308.0;2717954.34167
3550407.0;25.6752266026
3550506.0;0.0
3550605.0;8295.50754
3550704.0;336.636856915
3550803.0;0.0
3550902.0;1.0
3551009.0;1502.2938194
3551108.0;0.0
3551207.0;0.0
3551306.0;0.0
3551405.0;0.0
3551504.0;0.0
3551603.0;376.412817611
3551702.0;212.126956532
3551801.0;0.0
3551900.0;2.59523809524
3552007.0;0.0
3552106.0;502.971327408
3552205.0;41561.1038836
3552304.0;0.0
3552403.0;0.25
3552502.0;37.6712648282
3552551.0;0.0
3552601.0;0.0
3552700.0;1.46388888889
3552809.0;0.0
3552908.0;0.0
3553005.0;0.0
3553104.0;0.0
3553203.0;3.36666666667
3553302.0;21.6021987377
3553401.0;2801.12210899
3553500.0;0.0
3553609.0;604.46979129
3553658.0;0.0
3553708.0;4900.67613937
3553807.0;41.2267737899
3553856.0;1397.58154714
3553906.0;0.0
3553955.0;0.0
3554003.0;8103.27120749
3554102.0;15306.2586164
3554201.0;0.0
3554300.0;0.0
3554409.0;0.0
3554508.0;4725.22694155
3554607.0;0.0
3554656.0;0.0
3554706.0;0.0
3554805.0;0.0
3554904.0;0.0
3554953.0;0.0
3555000.0;6100.44557857
3555109.0;5108.83200349
3555208.0;0.0
3555307.0;0.0
3555356.0;0.0
3555406.0;1726.86408843
3555505.0;43.9155937507
3555604.0;0.0
3555703.0;0.0
3555802.0;135.112964638
3555901.0;0.0
3556008.0;1837.81360266
3556107.0;0.492857142857
3556206.0;0.0
3556305.0;3.16666666667
3556354.0;15.7390711048
3556404.0;510.178298679
3556453.0;0.542857142857
3556503.0;0.0
3556602.0;0.0
3556701.0;3831.0
3556800.0;270.083888701
3556909.0;0.65
3556958.0;0.0
3557006.0;0.0
3557105.0;2004.31300252
3557154.0;0.0
3557204.0;2040.69042652
4100103.0;0.0
4100202.0;0.0
4100301.0;0.0
4100459.0;0.0
4100509.0;1.0
4100608.0;5.44855344884
4100707.0;292.206291431
4100806.0;0.0
4100905.0;0.0
4101002.0;597.899031021
4101101.0;274.304704103
4101150.0;0.0
4101200.0;0.0
4101309.0;0.0
4101408.0;7594.86971647
4101507.0;8460.4220317
4101606.0;1721.9787321
4101655.0;0.0
4101705.0;0.0
4101804.0;0.0
4101853.0;0.0
4101903.0;569.634601012
4102000.0;1278.91880559
4102109.0;932.506203553
4102208.0;0.0
4102307.0;0.0
4102406.0;0.0
4102505.0;0.0
4102604.0;490.761142067
4102703.0;0.0
4102752.0;0.0
4102802.0;0.0
4102901.0;0.0
4103024.0;0.0
4103040.0;0.0
4103057.0;0.0
4103107.0;0.0
4103156.0;0.0
4103206.0;3831.0
4103222.0;0.0
4103305.0;0.0
4103354.0;0.0
4103370.0;0.0
4103404.0;0.0
4103453.0;0.0
4103479.0;0.0
4103503.0;410.711249234
4103602.0;440.896146911
4103701.0;17.6235878796
4103800.0;0.0
4103909.0;0.0
4103958.0;0.0
4104006.0;0.0
4104055.0;0.0
4104105.0;0.0
4104204.0;0.0
4104303.0;30960.7203106
4104402.0;0.0
4104428.0;0.0
4104451.0;133.283759872
4104501.0;4199.9729083
4104600.0;1487.59756586
4104659.0;0.0
4104709.0;0.0
4104808.0;382283.375602
4104907.0;3037.55403055
4105003.0;0.0
4105102.0;0.0
4105201.0;0.0
4105300.0;443.723245438
4105409.0;0.0
4105508.0;20535.7023903
4105607.0;0.0
4105706.0;482.434672667
4105904.0;1628.17007854
4106001.0;0.0
4106100.0;0.0
4106209.0;0.0
4106308.0;0.0
4106407.0;21124.6694911
4106456.0;0.0
4106506.0;0.0
4106555.0;0.0
4106571.0;0.0
4106605.0;345.348829711
4106704.0;0.0
4106803.0;0.0
4106852.0;0.0
4106902.0;397497.142987
4107009.0;5505.61268682
4107108.0;0.0
4107124.0;0.0
4107157.0;0.0
4107207.0;0.0
4107256.0;0.0
4107306.0;618.137741103
4107405.0;0.0
4107504.0;428.057705165
4107520.0;0.0
4107538.0;270.627323255
4107546.0;0.0
4107553.0;8.61102811399
4107603.0;0.166666666667
4107652.0;0.0
4107702.0;0.0
4107736.0;0.0
4107751.0;254.111746642
4107801.0;0.0
4107850.0;0.0
4107900.0;44.0977803923
4108007.0;0.0
4108106.0;0.0
4108205.0;0.62502544985
4108304.0;28825.2670577
4108320.0;0.0
4108403.0;63888.9854558
4108452.0;0.0
4108502.0;0.0
4108551.0;0.0
4108601.0;7702.01704221
4108650.0;0.0
4108700.0;0.0
4108809.0;23067.5726993
4108908.0;0.0
4108957.0;0.0
4109005.0;0.0
4109203.0;0.0
4109302.0;23.1338445116
4109401.0;14197.0608776
4109500.0;0.0
4109609.0;18.4141679498
4109658.0;0.0
4109708.0;13099.4417756
4109757.0;21.142867068
4109807.0;32.2348981759
4109906.0;0.0
4110003.0;0.0
4110052.0;0.0
4110078.0;951.008225282
4110102.0;3834.78333333
4110201.0;0.0
4110300.0;0.0
4110409.0;0.0
4110508.0;0.0
4110607.0;73.9879708047
4110656.0;0.0
4110706.0;18348.1762096
4110805.0;18.8861832612
4110904.0;0.0
4110953.0;0.0
4111001.0;0.0
4111100.0;0.0
4111209.0;3831.0
4111308.0;0.0
4111407.0;0.0
4111506.0;9725.90286001
4111555.0;0.0
4111605.0;0.0
4111704.0;0.0
4111803.0;3839.88115079
4111902.0;2225.23526188
4112009.0;3321.543284
4112108.0;17673.7083726
4112207.0;28.7945384907
4112306.0;6.64829048947
4112405.0;0.0
4112504.0;1016.64831972
4112702.0;52.3051488657
4112751.0;1927.7352505
4112801.0;90.2318839172
4112900.0;0.0
4112959.0;0.0
4113007.0;345.348829711
4113106.0;0.0
4113205.0;1913.06190476
4113254.0;0.0
4113304.0;15459.4951264
4113403.0;0.0
4113429.0;0.166666666667
4113452.0;1.18817606094
4113502.0;7707.09662531
4113601.0;0.0
4113700.0;167723.040841
4113734.0;0.0
4113759.0;5.375
4113809.0;0.0
4113908.0;7691.38113912
4114005.0;0.291666666667
4114104.0;24.3409090909
4114203.0;5718.76894709
4114302.0;446.306414246
4114351.0;0.0
4114401.0;0.0
4114500.0;0.0
4114609.0;6773.87984727
4114708.0;0.0
4114807.0;1019.17870855
4114906.0;0.0
4115101.0;0.0
4115200.0;143901.647871
4115309.0;10.5221755369
4115358.0;0.0
4115408.0;243.233213962
4115457.0;0.0
4115507.0;0.0
4115606.0;804.164886295
4115705.0;0.0
4115739.0;0.0
4115754.0;1223.75907272
4115804.0;29880.3695168
4115853.0;5.51720571979
4116000.0;0.0
4116059.0;4101.62732326
4116109.0;0.0
4116208.0;0.0
4116307.0;0.0
4116406.0;0.0
4116604.0;0.0
4116703.0;1982.34979452
4116802.0;3831.0
4116901.0;4287.64650582
4116950.0;0.0
4117008.0;3831.0
4117057.0;1.49592162224
4117107.0;7706.09662531
4117206.0;3128.68626331
4117214.0;0.0
4117222.0;0.0
4117255.0;0.0
4117271.0;0.0
4117297.0;0.0
4117305.0;384.708934865
4117404.0;0.0
4117453.0;0.0
4117503.0;0.0
4117602.0;10.5221755369
4117701.0;2300.1316562
4117800.0;0.0
4117909.0;296.31770566
4118006.0;853.183220822
4118105.0;1.61111111111
4118204.0;21.080952381
4118303.0;0.0
4118402.0;19811.0111814
4118451.0;0.0
4118501.0;10476.4581725
4118600.0;0.0
4118709.0;0.0
4118808.0;306.846413131
4118857.0;114.987893191
4118907.0;0.0
4119004.0;0.0
4119103.0;0.0
4119202.0;1.46017952636
4119251.0;0.0
4119301.0;0.0
4119400.0;84.5100726198
4119608.0;6449.70708175
4119657.0;0.0
4119707.0;0.0
4119806.0;0.0
4119905.0;48072.5609682
4119954.0;0.0
4120002.0;9307.62697047
4120101.0;0.0
4120150.0;0.0
4120200.0;0.0
4120309.0;0.0
4120333.0;0.0
4120358.0;0.0
4120408.0;0.0
4120507.0;0.0
4120606.0;6353.54824306
4120655.0;233.550794343
4120705.0;0.0
4120804.0;0.0
4120853.0;0.0
4120903.0;3831.0
4121000.0;0.0
4121109.0;0.0
4121208.0;5.09848484848
4121307.0;0.0
4121406.0;3150.54410159
4121505.0;0.0
4121604.0;0.0
4121703.0;0.0
4121752.0;0.0
4121802.0;0.0
4121901.0;0.0
4122008.0;0.0
4122107.0;0.0
4122156.0;0.0
4122172.0;0.0
4122206.0;0.0
4122305.0;4053.71137309
4122404.0;3701.02214662
4122503.0;0.0
4122602.0;79.3094594368
4122651.0;0.0
4122701.0;0.0
4122800.0;0.0
4122909.0;263.730413559
4123006.0;0.0
4123105.0;0.0
4123204.0;0.0
4123303.0;0.0
4123402.0;0.0
4123501.0;412.069383019
4123600.0;0.0
4123709.0;0.0
4123808.0;321.961657546
4123824.0;0.0
4123857.0;3831.0
4123907.0;274.304704103
4123956.0;0.0
4124004.0;0.0
4124020.0;242.333063215
4124053.0;0.0
4124103.0;1439.58228926
4124202.0;0.0
4124301.0;0.0
4124400.0;117.101922723
4124509.0;0.0
4124608.0;0.0
4124707.0;0.0
4124806.0;0.0
4124905.0;0.0
4125001.0;95.0602404035
4125100.0;1.66666666667
4125209.0;0.0
4125308.0;0.0
4125357.0;0.0
4125407.0;0.0
4125456.0;42.6329965525
4125506.0;36.7147630976
4125555.0;0.0
4125605.0;8261.07189647
4125704.0;22.273894254
4125753.0;3.37361469022
4125803.0;0.0
4125902.0;0.0
4126009.0;194.480446464
4126108.0;0.0
4126207.0;0.0
4126256.0;0.0
4126272.0;0.0
4126306.0;41.1411443065
4126355.0;0.0
4126405.0;0.0
4126504.0;4022.84137434
4126603.0;10889.2935549
4126652.0;0.0
4126678.0;0.0
4126702.0;0.0
4126801.0;349.716393436
4126900.0;0.0
4127007.0;0.0
4127106.0;4389.24753472
4127205.0;0.0
4127304.0;0.0
4127403.0;0.0
4127502.0;0.0
4127601.0;18.782424009
4127700.0;40534.9720511
4127809.0;1186.72605434
4127858.0;0.0
4127882.0;0.0
4127908.0;0.0
4127957.0;0.0
4127965.0;0.0
4128005.0;132.942850091
4128104.0;36081.4397077
4128203.0;12889.0635419
4128302.0;1846.24788161
4128401.0;0.0
4128500.0;6156.0529036
4128534.0;0.0
4128559.0;0.0
4128609.0;0.0
4128625.0;0.0
4128633.0;0.0
4128658.0;0.0
4128708.0;0.0
4128807.0;0.0
4200051.0;0.0
4200101.0;0.25
4200200.0;49.3322897426
4200309.0;1.33333333333
4200408.0;3831.0
4200507.0;0.0
4200556.0;0.0
4200606.0;0.0
4200705.0;0.0
4200754.0;0.0
4200804.0;0.0
4201000.0;0.0
4201257.0;2.14088319088
4201273.0;0.0
4201307.0;0.5
4201406.0;8691.3884166
4201505.0;0.0
4201604.0;0.0
4201703.0;1010.97425098
4201802.0;49.3322897426
4201901.0;0.0
4202008.0;58278.3906301
4202057.0;1915.0
4202081.0;0.0
4202107.0;3610.97732164
4202131.0;0.0
4202156.0;0.0
4202206.0;803.040727379
4202305.0;0.0
4202404.0;22082.7666668
4202438.0;0.0
4202453.0;0.0
4202503.0;3.01084722001
4202537.0;12.4685372634
4202578.0;0.0
4202602.0;0.0
4202800.0;3831.0
4202859.0;0.0
4202875.0;0.0
4202909.0;177.626529483
4203006.0;1472.56524956
4203105.0;0.0
4203154.0;0.0
4203204.0;0.0
4203253.0;0.0
4203303.0;1.03985088985
4203402.0;0.0
4203501.0;0.0
4203600.0;297.106538874
4203709.0;0.0
4203808.0;3001.47035912
4203907.0;0.0
4203956.0;0.0
4204004.0;11.5672700588
4204103.0;0.0
4204152.0;0.0
4204178.0;0.0
4204202.0;70763.613722
4204251.0;0.0
4204301.0;1115.18783939
4204350.0;0.0
4204400.0;0.0
4204509.0;0.625494505495
4204558.0;0.0
4204608.0;16809.9359786
4204707.0;0.0
4204756.0;0.0
4204806.0;3936.97740081
4204905.0;0.0
4205001.0;130.09175097
4205100.0;0.0
4205159.0;0.0
4205175.0;0.0
4205191.0;0.0
4205209.0;0.0
4205308.0;0.0
4205407.0;157437.791482
4205431.0;841.784322512
4205456.0;0.0
4205506.0;0.0
4205555.0;0.0
4205605.0;0.0
4205704.0;11490.0
4205803.0;216.12522832
4205902.0;9.9488006742
4206108.0;0.0
4206207.0;0.0
4206405.0;0.2
4206504.0;855.201531753
4206603.0;0.0
4206652.0;0.0
4206751.0;0.0
4206801.0;0.0
4206900.0;17.9671818922
4207106.0;2.15326592447
4207205.0;0.0
4207304.0;17424.6326925
4207403.0;0.0
4207502.0;14679.1005124
4207577.0;0.0
4207601.0;0.0
4207650.0;6.69090909091
4207684.0;0.0
4207700.0;0.0
4207759.0;0.0
4207809.0;4.87527264402
4207858.0;0.0
4207908.0;0.0
4208005.0;0.0
4208104.0;0.0
4208203.0;46407.8351191
4208302.0;21820.9937246
4208401.0;3898.25466196
4208450.0;0.0
4208500.0;3831.0
4208609.0;2.48571428571
4208708.0;0.0
4208807.0;0.0
4208906.0;2996.68718717
4209003.0;31902.9573583
4209102.0;107237.234776
4209151.0;0.0
4209177.0;0.0
4209201.0;0.0
4209300.0;34929.9813027
4209409.0;18681.5754676
4209458.0;0.0
4209508.0;0.0
4209607.0;3.01084722001
4209706.0;0.0
4209854.0;0.0
4209904.0;0.0
4210001.0;0.0
4210035.0;0.0
4210050.0;0.0
4210100.0;18301.3455863
4210209.0;0.0
4210308.0;0.0
4210407.0;0.0
4210506.0;654.467451823
4210555.0;0.0
4210605.0;14.8341498753
4210704.0;0.0
4210803.0;0.0
4210902.0;0.0
4211009.0;0.0
4211058.0;0.037037037037
4211108.0;0.0
4211207.0;0.0
4211256.0;0.0
4211306.0;0.0
4211405.0;0.0
4211454.0;0.0
4211504.0;19.2395416535
4211652.0;0.0
4211702.0;3834.01084722
4211751.0;3831.0
4211876.0;0.0
4211892.0;3.01084722001
4211900.0;0.0
4212007.0;0.0
4212056.0;0.0
4212106.0;0.0
4212205.0;0.0
4212239.0;0.0
4212254.0;0.0
4212270.0;0.0
4212304.0;0.0
4212403.0;0.0
4212502.0;0.0
4212601.0;0.0
4212650.0;0.0
4212700.0;0.0
4212809.0;25.7768717543
4212908.0;100.180043079
4213005.0;0.0
4213104.0;0.0
4213153.0;0.0
4213203.0;0.0769230769231
4213302.0;5.97934832625
4213351.0;0.0
4213401.0;123.059081664
4213500.0;0.0
4213609.0;1596.00736643
4213708.0;4003.69570776
4213807.0;0.0
4213906.0;0.0
4214003.0;0.390883190883
4214102.0;0.0
4214151.0;0.0
4214201.0;841.784322512
4214300.0;0.0
4214409.0;0.0
4214508.0;0.0
4214607.0;0.0
4214706.0;0.0
4214805.0;42938.2184393
4214904.0;0.0
4215000.0;8.29480430966
4215075.0;0.0
4215109.0;0.0
4215208.0;0.0
4215356.0;0.0
4215406.0;0.0
4215455.0;0.0
4215505.0;11556.8483195
4215554.0;0.0
4215653.0;1.43376623377
4215679.0;0.0
4215687.0;0.0
4215703.0;0.0
4215752.0;0.0
4215802.0;7802.13637039
4215901.0;0.0
4216008.0;0.0
4216057.0;804.068013762
4216107.0;6.7
4216206.0;1915.0
4216255.0;0.0
4216305.0;3850.23954165
4216354.0;0.0
4216404.0;0.0
4216503.0;3.01084722001
4216602.0;0.0
4216701.0;401.58745416
4216800.0;0.0
4216909.0;6025.89425027
4217006.0;0.0
4217105.0;0.0
4217154.0;0.0
4217204.0;9562.28143909
4217303.0;0.0
4217501.0;0.0
4217550.0;0.0
4217600.0;0.0
4217709.0;400.928097323
4217758.0;0.0
4217808.0;49.3322897426
4217907.0;0.0
4217956.0;0.0
4218004.0;17814.7187801
4218103.0;0.0
4218202.0;6909.15784196
4218301.0;2.8100140056
4218350.0;0.0
4218509.0;0.0
4218608.0;1347.1745015
4218707.0;77766.2003931
4218806.0;0.0
4218905.0;0.0
4218954.0;0.0
4219002.0;0.0
4219101.0;0.0
4219150.0;0.0
4219176.0;0.0
4219200.0;0.0
4219309.0;13928.0898366
4219358.0;0.0
4219408.0;0.0
4219507.0;28775.9399895
4219606.0;0.0
4219705.0;2395.91621107
4219853.0;0.0
4300034.0;0.0
4300059.0;0.0
4300109.0;0.0
4300208.0;0.0
4300307.0;0.0
4300406.0;661.038608082
4300455.0;0.0
4300471.0;0.0
4300505.0;0.0
4300554.0;0.0
4300570.0;0.0
4300604.0;0.0
4300638.0;0.0
4300646.0;0.0
4300661.0;0.0
4300703.0;10.0347286775
4300802.0;0.0
4300851.0;0.0
4300877.0;0.2
4300901.0;0.0
4301008.0;625.778167424
4301057.0;0.641666666667
4301073.0;0.0
4301107.0;1.23333333333
4301206.0;0.0
4301305.0;0.0
4301404.0;10.0347286775
4301503.0;0.0
4301602.0;10795.664561
4301636.0;4408.85906005
4301651.0;0.190476190476
4301701.0;304.718119761
4301750.0;0.0
4301800.0;0.0
4301859.0;0.0
4301875.0;0.0
4301909.0;1896.89166667
4301958.0;0.0
4302006.0;0.0
4302055.0;0.0
4302105.0;14625.7003254
4302154.0;4.5184915057
4302204.0;0.0
4302220.0;0.0
4302238.0;0.0
4302253.0;0.373939959294
4302303.0;0.0
4302352.0;1237.64798532
4302378.0;15330.9984127
4302402.0;6.9206959707
4302451.0;0.0
4302501.0;0.0
4302584.0;0.0
4302659.0;0.0
4302709.0;1.62619047619
4302808.0;5021.94352086
4302907.0;0.0
4303004.0;161.475394284
4303103.0;0.1
4303202.0;0.0
4303301.0;0.0
4303400.0;0.0
4303509.0;3779.99915202
4303558.0;0.0
4303608.0;0.0
4303673.0;0.0
4303707.0;0.0
4303806.0;0.0
4303905.0;8.67221614516
4304002.0;1390.05527081
4304101.0;0.0
4304200.0;1324.45698019
4304309.0;0.0
4304358.0;0.0
4304408.0;98.6306565882
4304507.0;0.0
4304606.0;13.2759035328
4304614.0;0.0
4304622.0;0.0
4304630.0;321.710489347
4304655.0;0.0
4304671.0;706.812423658
4304689.0;0.0
4304697.0;0.0
4304705.0;299454.972108
4304713.0;0.0
4304804.0;519.338638086
4304853.0;0.0
4304903.0;251.210621437
4304952.0;0.0
4305009.0;0.0
4305108.0;24797.4119913
4305116.0;0.0
4305124.0;0.0
4305132.0;0.0
4305157.0;0.0
4305173.0;0.0
4305207.0;0.0
4305306.0;0.0
4305355.0;319.52453276
4305371.0;0.0
4305405.0;0.0
4305439.0;0.0
4305447.0;0.0
4305454.0;701.236398605
4305504.0;0.0
4305587.0;0.0
4305702.0;0.0
4305801.0;0.0
4305835.0;0.0
4305850.0;0.0
4305871.0;0.0
4305900.0;0.0
4305934.0;0.0
4305959.0;0.0
4305975.0;0.0
4306007.0;0.0
4306056.0;13.5512987013
4306072.0;0.0
4306106.0;28680.0822635
4306130.0;0.0
4306205.0;0.0
4306304.0;0.0
4306320.0;0.0
4306353.0;0.0
4306379.0;0.0
4306403.0;2.98003600417
4306429.0;0.0
4306452.0;4.26247611306
4306502.0;0.0
4306551.0;0.0
4306601.0;0.0
4306700.0;0.666666666667
4306734.0;0.0
4306759.0;0.395661133453
4306767.0;0.833333333333
4306809.0;634.780037477
4306908.0;6.85994283494
4306924.0;0.0
4306932.0;4572.01981215
4306957.0;0.0
4306973.0;0.0
4307005.0;11735.469788
4307054.0;27.2187624723
4307104.0;0.0
4307203.0;0.0
4307302.0;0.0
4307401.0;0.0
4307450.0;0.0
4307500.0;281.993104583
4307559.0;0.0
4307609.0;0.0
4307708.0;1.56594698608
4307807.0;27861.4963456
4307815.0;0.0
4307831.0;0.0
4307906.0;266.047162646
4308003.0;2.0
4308052.0;0.0
4308078.0;212.286349099
4308102.0;4955.18690891
4308201.0;3831.0
4308250.0;0.0
4308300.0;0.2
4308409.0;0.0
4308433.0;0.0
4308458.0;0.0
4308508.0;19753.7208898
4308607.0;1031.61163669
4308656.0;0.0
4308706.0;0.0
4308805.0;319.77453276
4308904.0;363.366392765
4309001.0;0.153846153846
4309050.0;1.0884071304
4309100.0;98.6306565882
4309159.0;0.0
4309209.0;0.1
4309258.0;0.0
4309308.0;0.0
4309407.0;4.26247611306
4309506.0;0.0
4309555.0;0.0
4309571.0;1.68452380952
4309605.0;0.0
4309654.0;0.0
4309704.0;0.0
4309753.0;30.3835082283
4309803.0;0.0
4309902.0;0.0
4309951.0;0.0
4310009.0;116.497504762
4310108.0;72.9334827345
4310207.0;39402.9280095
4310306.0;10.0347286775
4310330.0;1.25311292725
4310363.0;0.0
4310405.0;0.0
4310413.0;0.0
4310439.0;0.0
4310462.0;0.0
4310504.0;1247.45942517
4310538.0;0.0
4310553.0;0.0
4310579.0;0.0
4310603.0;285.151413488
4310652.0;0.0
4310702.0;0.0
4310751.0;0.0
4310801.0;0.0
4310850.0;0.0
4310876.0;0.0
4310900.0;0.0
4311007.0;0.0
4311106.0;263.349863739
4311122.0;0.0
4311130.0;0.0
4311155.0;0.0
4311205.0;1181.7150131
4311239.0;0.0
4311254.0;0.0
4311270.0;0.0
4311304.0;206.996490946
4311403.0;41906.0345
4311429.0;0.0
4311502.0;0.0
4311601.0;0.0
4311627.0;0.0
4311643.0;0.0
4311700.0;0.0
4311718.0;0.0
4311734.0;0.0
4311759.0;0.0
4311775.0;0.0
4311791.0;0.0
4311809.0;256.909126782
4311908.0;0.0
4311981.0;0.0
4312054.0;0.2
4312104.0;0.0
4312138.0;0.0
4312153.0;0.0
4312203.0;0.0
4312252.0;2.40952380952
4312302.0;0.0
4312351.0;0.0
4312377.0;0.0
4312385.0;0.0
4312401.0;25667.7439244
4312427.0;0.0
4312443.0;0.0
4312450.0;0.0
4312476.0;0.444779593918
4312500.0;575.154132727
4312609.0;205.703715991
4312617.0;0.0
4312658.0;26.3010167293
4312674.0;0.0
4312708.0;0.0
4312757.0;0.0
4312807.0;257.873980005
4312906.0;2170.13490438
4313003.0;0.0
4313037.0;0.0
4313060.0;0.2
4313086.0;0.0
4313102.0;0.0
4313201.0;0.521702670841
4313300.0;2373.14716047
4313359.0;0.0
4313375.0;0.0
4313391.0;1.05566313482
4313409.0;2676.32184182
4313425.0;0.0
4313441.0;0.0
4313466.0;0.0
4313490.0;0.0
4313508.0;16335.7496731
4313607.0;0.0
4313656.0;701.960042706
4313706.0;17236.4673547
4313805.0;0.0
4313904.0;2565.4329941
4313953.0;2078.13803579
4314001.0;0.0
4314027.0;789.976935333
4314035.0;0.0
4314050.0;293.569960218
4314068.0;3.38030653557
4314076.0;13.7337662338
4314100.0;37474.1846571
4314134.0;0.0
4314159.0;0.0
4314175.0;0.0
4314209.0;0.0
4314308.0;0.0
4314407.0;33997.9472932
4314423.0;0.444779593918
4314456.0;0.0
4314464.0;0.0
4314472.0;0.0
4314498.0;0.0
4314506.0;0.0
4314548.0;0.0
4314555.0;0.0
4314605.0;0.0
4314704.0;1.0
4314753.0;0.0
4314779.0;0.0
4314787.0;0.0
4314803.0;1.56594698608
4314902.0;442104.73692
4315008.0;0.0
4315057.0;0.0
4315073.0;0.0
4315107.0;0.0
4315131.0;109.563393353
4315149.0;0.0
4315156.0;0.0
4315172.0;0.0
4315206.0;0.0
4315305.0;0.0
4315321.0;0.0
4315354.0;0.0
4315404.0;0.0
4315453.0;0.0
4315503.0;0.0
4315552.0;0.0
4315602.0;263.13956043
4315701.0;4.47686202686
4315750.0;0.0
4315800.0;1.06247611306
4315909.0;0.0
4315958.0;0.0
4316006.0;0.0
4316105.0;4569.13145503
4316204.0;38.3971058901
4316303.0;0.0
4316402.0;1.65
4316428.0;0.0
4316436.0;0.0
4316451.0;0.0
4316477.0;0.0
4316501.0;0.0
4316600.0;0.0
4316709.0;0.403846153846
4316733.0;0.0
4316758.0;0.0
4316808.0;48223.4695089
4316907.0;99457.5606241
4316956.0;0.0
4316972.0;0.0
4317004.0;798.120152775
4317103.0;5951.45321891
4317202.0;27151.5099559
4317251.0;0.0
4317301.0;0.0
4317400.0;4091.19430818
4317509.0;4254.87402175
4317558.0;0.0
4317608.0;3908.48065833
4317707.0;7.43237179487
4317756.0;0.0
4317806.0;602.208890471
4317905.0;0.0
4317954.0;0.0
4318002.0;1179.52955016
4318051.0;0.0
4318101.0;0.0
4318200.0;2.25874125874
4318309.0;67.2638407595
4318408.0;327.02453276
4318424.0;0.0
4318432.0;0.333333333333
4318440.0;0.0
4318457.0;0.0
4318465.0;109.563393353
4318481.0;0.0
4318507.0;0.0
4318606.0;0.0
4318614.0;0.0
4318622.0;0.0
4318705.0;66468.7978831
4318804.0;1687.27636997
4318903.0;350.143525988
4319000.0;0.0
4319109.0;0.0
4319125.0;0.0
4319158.0;0.0
4319208.0;0.0
4319307.0;0.0
4319356.0;0.0
4319364.0;0.0
4319372.0;0.0
4319406.0;4.75
4319505.0;100.458890629
4319604.0;216.048307208
4319703.0;0.0
4319711.0;0.0
4319752.0;0.461538461538
4319802.0;4.75
4319901.0;83.9202629924
4320008.0;1.56594698608
4320107.0;9282.76920894
4320206.0;178.851599375
4320263.0;0.0
4320305.0;7.33767300663
4320321.0;0.0
4320354.0;0.0
4320404.0;0.0
4320453.0;0.0
4320503.0;0.0
4320552.0;0.0
4320578.0;0.0
4320651.0;0.0
4320677.0;0.0
4320701.0;11575.71961
4320800.0;33505.5521661
4320859.0;800.973687845
4320909.0;0.0
4321006.0;305.008767777
4321105.0;7660.0
4321204.0;4132.58967551
4321303.0;4120.61834205
4321329.0;0.0
4321352.0;4406.15413273
4321402.0;3831.0
4321436.0;4441.93808894
4321451.0;3863.42077101
4321469.0;0.0
4321477.0;0.0
4321493.0;0.0
4321501.0;4857.97037905
4321600.0;505.161972793
4321626.0;0.0
4321667.0;399.767989294
4321709.0;72.9334827345
4321808.0;0.0
4321832.0;0.0
4321857.0;725.621569969
4321907.0;7660.0
4321956.0;0.333333333333
4322004.0;208.123965017
4322103.0;0.0
4322152.0;0.0
4322186.0;0.0
4322202.0;0.0
4322251.0;0.0
4322301.0;0.5
4322327.0;0.0
4322350.0;0.0
4322376.0;0.0
4322400.0;0.0
4322509.0;641.735195402
4322525.0;13.7337662338
4322533.0;0.184523809524
4322541.0;0.0
4322558.0;0.0
4322608.0;5630.18595333
4322707.0;1646.30436269
4322806.0;350.911064736
4322855.0;1.06247611306
4322905.0;0.0
4323002.0;3.91666666667
4323101.0;0.0
4323200.0;0.0
4323309.0;152.576992921
4323358.0;0.0
4323408.0;0.0
4323457.0;49.9536353217
4323507.0;0.0
4323606.0;0.0
4323705.0;0.0
4323754.0;0.0
4323770.0;0.0
4323804.0;3.09808304722
5000203.0;63.3719863396
5000252.0;0.0
5000609.0;182.232247188
5000708.0;0.25
5000807.0;0.0
5000856.0;0.0
5000906.0;0.0
5001003.0;0.0
5001102.0;0.25
5001243.0;0.0
5001508.0;21.3401098663
5001904.0;8515.11562834
5002001.0;0.0
5002100.0;0.0
5002159.0;0.0
5002209.0;0.0
5002308.0;0.0
5002407.0;0.0
5002605.0;0.0
5002704.0;280546.319759
5002803.0;0.0
5002902.0;0.0
5002951.0;3831.0
5003108.0;0.0
5003157.0;0.0
5003207.0;0.25
5003256.0;0.0
5003306.0;759.937665043
5003454.0;1152.87717539
5003488.0;0.0
5003504.0;0.0
5003702.0;52459.5780067
5003751.0;554.240475672
5003801.0;1541.91015281
5003900.0;0.0
5004007.0;1152.87717539
5004106.0;1.0
5004304.0;26.2720648183
5004403.0;0.0
5004502.0;0.0
5004601.0;23.0549926582
5004700.0;0.0
5004809.0;0.0
5004908.0;1.0
5005004.0;0.0
5005103.0;0.0
5005152.0;0.0
5005202.0;0.0
5005251.0;0.0
5005400.0;3.79166666667
5005608.0;0.5
5005681.0;4488.91885441
5005707.0;999.214344111
5005806.0;0.333333333333
5006002.0;2718.44059825
5006200.0;3845.89589441
5006259.0;0.0
5006275.0;0.0
5006309.0;326.321816961
5006358.0;0.0
5006408.0;27.5954684533
5006606.0;3041.99945086
5006903.0;0.0
5007109.0;0.0
5007208.0;23.7548936392
5007307.0;0.0
5007406.0;56.8319616759
5007505.0;0.0
5007554.0;0.0
5007695.0;1528.68170839
5007703.0;0.0
5007802.0;0.0
5007901.0;52.0513601765
5007935.0;24.2310072344
5007950.0;26.2720648183
5007976.0;0.0
5008008.0;0.25
5008305.0;382.686095004
5008404.0;1.8843045843
5100102.0;0.0
5100201.0;3832.21986638
5100250.0;3844.57448472
5100300.0;0.0
5100359.0;0.0
5100409.0;19.0419037325
5100508.0;770.824605099
5100607.0;0.0
5100805.0;0.0
5101001.0;0.0
5101209.0;0.0
5101258.0;421.032798375
5101308.0;772.724605099
5101407.0;0.0
5101605.0;0.0
5101704.0;749.922636264
5101803.0;23859.9264946
5101852.0;0.0
5101902.0;14.3459132872
5102504.0;18992.0170099
5102603.0;0.0
5102637.0;19.2151052064
5102678.0;379.569066756
5102686.0;14.2714544127
5102694.0;0.0
5102702.0;0.0
5102793.0;13.5744847158
5102850.0;0.0
5103007.0;0.0
5103056.0;0.0
5103106.0;0.0
5103205.0;13.5744847158
5103254.0;0.0
5103304.0;1395.1146743
5103353.0;74.7062102472
5103361.0;0.0
5103379.0;0.0
5103403.0;282019.496604
5103437.0;11487.0
5103452.0;0.0
5103502.0;3831.0
5103601.0;0.0
5103700.0;0.0
5103809.0;0.0
5103858.0;0.0
5103908.0;0.0
5103957.0;0.0
5104104.0;1246.21750323
5104203.0;0.0
5104500.0;439.811409609
5104526.0;0.0
5104542.0;0.0
5104559.0;15.3926665339
5104609.0;0.0
5104807.0;8026.15977694
5104906.0;86.0081066494
5105002.0;421.032798375
5105101.0;367.005809018
5105150.0;11903.8204975
5105176.0;0.0
5105200.0;266.056256186
5105234.0;0.0
5105259.0;821.204841019
5105309.0;0.0
5105507.0;0.0
5105580.0;0.0
5105606.0;13.5744847158
5105622.0;439.811409609
5105903.0;1469.24288219
5106000.0;770.824605099
5106109.0;13.5744847158
5106158.0;0.0
5106174.0;0.0
5106182.0;0.0
5106190.0;15.3926665339
5106208.0;0.0
5106216.0;13.5744847158
5106224.0;821.204841019
5106232.0;16.7459132872
5106240.0;0.0
5106257.0;6318.15263991
5106265.0;0.0
5106273.0;0.0
5106281.0;0.0
5106299.0;0.0
5106307.0;0.0
5106315.0;0.0
5106372.0;0.0
5106422.0;13.5744847158
5106455.0;0.0
5106505.0;13.5744847158
5106703.0;0.0
5106752.0;30645.6759799
5106778.0;74.7062102472
5106802.0;0.0
5106828.0;13.5744847158
5106851.0;0.0
5107008.0;0.0
5107040.0;4562.10896235
5107065.0;0.0
5107107.0;439.811409609
5107156.0;0.0
5107180.0;9.96216146733
5107198.0;0.0
5107206.0;0.0
5107248.0;0.0
5107263.0;0.0
5107297.0;0.0
5107305.0;0.0
5107354.0;0.0
5107404.0;0.0
5107578.0;0.0
5107602.0;62261.9767885
5107701.0;1469.24288219
5107743.0;0.0
5107750.0;7661.0
5107768.0;0.0
5107776.0;0.0
5107792.0;0.0
5107800.0;0.0
5107859.0;0.0
5107875.0;14.2714544127
5107883.0;0.0
5107909.0;23237.9445585
5107925.0;821.204841019
5107941.0;0.0
5107958.0;22.2198671111
5108006.0;0.0
5108055.0;13.5744847158
5108105.0;0.0
5108204.0;0.0
5108303.0;0.0
5108352.0;0.0
5108402.0;2619.08260452
5108501.0;0.0
5108600.0;7145.62217443
5108857.0;0.0
5108907.0;0.0
5108956.0;0.0
5200050.0;0.0
5200100.0;0.0
5200134.0;1223.90918036
5200159.0;0.0
5200175.0;0.0
5200209.0;0.0
5200258.0;0.0
5200308.0;0.0
5200555.0;0.0
5200605.0;0.0
5200803.0;384.253522541
5200852.0;0.0
5200902.0;0.0
5201108.0;134204.969198
5201207.0;0.0
5201306.0;0.7
5201405.0;5023.34185365
5201454.0;0.0
5201603.0;0.0
5201702.0;193.135861861
5201801.0;0.0
5202155.0;0.0
5202353.0;67.2873072772
5202502.0;0.0
5202601.0;0.0
5202809.0;0.0
5203104.0;0.0
5203203.0;97.1422773758
5203302.0;5.0303030303
5203401.0;67.2873072772
5203500.0;0.0
5203559.0;0.0
5203575.0;0.0
5203609.0;0.0
5203807.0;931.479463379
5203906.0;0.0
5203939.0;67.0377881277
5204003.0;0.0
5204102.0;0.0
5204201.0;0.0
5204250.0;0.0
5204300.0;15317.0
5204409.0;1915.0
5204508.0;6748.45225447
5204607.0;66.5228308628
5204656.0;0.0
5204706.0;10098.1730473
5204805.0;0.0
5204854.0;0.0
5204904.0;22956.0
5204953.0;0.0
5205000.0;0.0
5205059.0;0.0
5205109.0;19372.1712874
5205208.0;0.0
5205307.0;0.0
5205406.0;2204.91979405
5205455.0;0.0
5205471.0;0.0
5205497.0;0.0
5205513.0;4253.56719876
5205521.0;0.0
5205703.0;0.0
5205802.0;0.0
5205901.0;0.0
5206206.0;2419.41343749
5206305.0;0.0
5206404.0;0.047619047619
5206503.0;0.0
5206602.0;0.0
5206701.0;0.0
5206800.0;0.0
5206909.0;0.0
5207105.0;0.0
5207253.0;0.0
5207352.0;0.0
5207402.0;0.0
5207501.0;512.680270823
5207535.0;1909.79968917
5207600.0;0.0
5207808.0;66.6478308628
5207907.0;0.0
5208004.0;1445.47417404
5208103.0;0.0
5208152.0;0.0
5208301.0;0.0
5208400.0;0.0
5208509.0;0.0
5208608.0;3930.87208968
5208707.0;858404.802836
5208806.0;3831.0
5208905.0;9582.98364416
5209101.0;1.66666666667
5209150.0;7.46991054176
5209200.0;2.84574037778
5209408.0;0.0
5209457.0;0.0
5209606.0;0.0
5209705.0;0.0
5209804.0;0.0
5209903.0;0.0
5209937.0;0.0
5209952.0;153.196426283
5210000.0;315.70543883
5210109.0;1.0
5210158.0;0.047619047619
5210208.0;17819.3141382
5210307.0;3905.58890286
5210406.0;12.3666666667
5210562.0;2.25
5210604.0;0.25
5210802.0;0.0
5210901.0;0.172619047619
5211008.0;0.4
5211206.0;0.0
5211305.0;0.0
5211404.0;12.3333333333
5211503.0;48121.9064505
5211602.0;0.0
5211701.0;0.0
5211800.0;4380.21032727
5211909.0;6180.63427804
5212006.0;0.0
5212055.0;5.97433512447
5212105.0;0.0
5212204.0;970.504832485
5212303.0;0.0
5212501.0;51.5194041573
5212600.0;0.0
5212709.0;0.0
5212808.0;10.4718886063
5212907.0;484.776803163
5212956.0;0.0
5213004.0;0.0
5213053.0;0.0
5213087.0;0.0
5213103.0;9398.71330522
5213400.0;0.0
5213509.0;7661.0
5213707.0;55.2323249528
5213756.0;0.0
5213772.0;0.0
5213806.0;955.8387831
5213855.0;0.0
5213905.0;0.0
5214002.0;0.0
5214051.0;0.0
5214101.0;0.0
5214408.0;98.1076357603
5214507.0;48.5714268751
5214606.0;0.0
5214705.0;0.0
5214804.0;0.0
5214838.0;0.0
5214861.0;645.804960275
5214879.0;0.0
5214903.0;0.0
5215009.0;0.0
5215207.0;1043.06299229
5215231.0;0.0
5215256.0;20.0613594432
5215306.0;2.0
5215405.0;0.0
5215504.0;0.0
5215603.0;0.0
5215652.0;1915.0
5215702.0;73.9195516327
5215801.0;0.0
5215900.0;0.25
5216007.0;0.0
5216304.0;15.3609767975
5216403.0;0.0
5216452.0;0.0
5216809.0;763.810397559
5216908.0;0.172619047619
5217104.0;35.5390113577
5217203.0;128.030368273
5217302.0;0.0
5217401.0;11.0
5217609.0;0.0
5217708.0;0.0
5218003.0;124710.757115
5218052.0;0.0
5218102.0;0.0
5218300.0;13.9374979497
5218391.0;3866.53901136
5218508.0;299.125106539
5218607.0;2623.74119645
5218706.0;2049.6725933
5218789.0;0.0
5218805.0;35891.6659424
5218904.0;0.047619047619
5219001.0;1043.06299229
5219100.0;92.0641692269
5219209.0;0.0
5219258.0;0.0
5219308.0;56.4120545154
5219357.0;0.0
5219407.0;0.125
5219456.0;0.0
5219506.0;0.333333333333
5219605.0;512.680270823
5219704.0;0.172619047619
5219712.0;0.0
5219738.0;0.0
5219753.0;0.0
5219803.0;0.0
5219902.0;226.113345613
5220009.0;0.0
5220058.0;0.0
5220108.0;5407.62490218
5220157.0;512.680270823
5220207.0;363.262791996
5220405.0;547.052389121
5220454.0;0.0
5220504.0;0.0
5220603.0;0.0
5220686.0;0.0
5220702.0;0.0
5221007.0;0.0
5221080.0;0.0
5221197.0;0.0
5221304.0;0.0
5221403.0;4948.14052485
5221452.0;0.0
5221502.0;73.6972383787
5221551.0;0.0
5221577.0;0.0
5221601.0;12010.6503848
5221700.0;0.833333333333
5221809.0;0.0
5221858.0;19.9406467578
5221908.0;0.0
5222005.0;626.820875124
5222054.0;0.0
5222203.0;0.0
5222302.0;0.0
5300108.0;541252.446207
8000013.0;0.0
8000027.0;0.0
8000069.0;0.0
8000073.0;0.0
8000076.0;0.0
8000080.0;0.0
8000083.0;0.0
8000096.0;0.0
8000115.0;0.0
8000119.0;0.0
8100178.0;0.0
8100180.0;0.0
8100189.0;0.0
8200301.0;0.0
8700462.0;0.0
8700467.0;0.0
8700469.0;0.0
8700481.0;0.0
8700489.0;0.0
8800509.0;0.0
8800526.0;0.0
8800539.0;0.0
9100572.0;0.0
9100585.0;0.0
9100588.0;0.0
9100589.0;0.0
9100591.0;0.0
9100592.0;0.0
9100593.0;0.0
9100594.0;0.0
9100596.0;0.0
9200602.0;0.0
9200610.0;0.0
9200640.0;0.0
9200648.0;0.0
