1100015.0;9
1100023.0;125
1100031.0;1
1100049.0;104
1100056.0;12
1100064.0;11
1100072.0;1
1100080.0;14
1100098.0;7
1100106.0;7
1100114.0;96
1100122.0;150
1100130.0;8
1100148.0;13
1100155.0;116
1100189.0;110
1100205.0;145
1100254.0;94
1100288.0;20
1100296.0;10
1100304.0;134
1100320.0;17
1100338.0;2
1100346.0;12
1100379.0;2
1100403.0;3
1100452.0;4
1100502.0;13
1100601.0;1
1100700.0;3
1100809.0;2
1100908.0;2
1100924.0;2
1100940.0;4
1101005.0;1
1101104.0;17
1101203.0;1
1101302.0;4
1101401.0;3
1101435.0;3
1101468.0;1
1101476.0;1
1101484.0;2
1101492.0;16
1101500.0;16
1101559.0;11
1101609.0;5
1101708.0;13
1101757.0;5
1101807.0;1
1200013.0;3
1200054.0;5
1200104.0;5
1200138.0;5
1200179.0;5
1200203.0;8
1200302.0;5
1200336.0;1
1200351.0;0
1200385.0;3
1200393.0;0
1200401.0;73
1200427.0;1
1200450.0;6
1200500.0;10
1200609.0;5
1200708.0;5
1200807.0;1
1300029.0;0
1300060.0;0
1300086.0;0
1300102.0;0
1300144.0;8
1300300.0;0
1300409.0;0
1300508.0;0
1300607.0;0
1300631.0;0
1300680.0;0
1300706.0;1
1300805.0;0
1300839.0;0
1300904.0;0
1301001.0;0
1301100.0;4
1301159.0;0
1301209.0;0
1301308.0;0
1301605.0;0
1301654.0;2
1301704.0;8
1301803.0;0
1301852.0;1
1301902.0;4
1302009.0;4
1302108.0;0
1302207.0;0
1302306.0;0
1302405.0;3
1302504.0;2
1302553.0;1
1302603.0;23
1302702.0;1
1302801.0;0
1302900.0;0
1303007.0;0
1303106.0;0
1303205.0;2
1303304.0;1
1303403.0;0
1303536.0;6
1303569.0;4
1303601.0;0
1303700.0;0
1303809.0;0
1303908.0;0
1303957.0;0
1304005.0;4
1304062.0;0
1304104.0;0
1304203.0;0
1304237.0;0
1304260.0;0
1304302.0;0
1304401.0;0
1400027.0;1
1400050.0;1
1400100.0;18
1400159.0;2
1400175.0;1
1400209.0;8
1400233.0;9
1400282.0;6
1400308.0;9
1400407.0;2
1400456.0;4
1400472.0;7
1400506.0;6
1400605.0;6
1500107.0;12
1500131.0;18
1500206.0;6
1500305.0;0
1500347.0;24
1500404.0;1
1500503.0;1
1500602.0;54
1500701.0;0
1500800.0;46
1500859.0;24
1500909.0;8
1500958.0;13
1501006.0;0
1501105.0;0
1501204.0;5
1501253.0;2
1501303.0;6
1501402.0;186
1501451.0;1
1501501.0;13
1501576.0;29
1501600.0;5
1501709.0;18
1501725.0;18
1501758.0;3
1501782.0;33
1501808.0;0
1501907.0;6
1501956.0;18
1502004.0;2
1502103.0;6
1502152.0;70
1502202.0;116
1502301.0;17
1502400.0;159
1502509.0;0
1502608.0;6
1502707.0;63
1502756.0;12
1502764.0;1
1502772.0;85
1502806.0;0
1502855.0;1
1502905.0;5
1502939.0;42
1502954.0;104
1503002.0;0
1503044.0;10
1503077.0;11
1503093.0;54
1503101.0;0
1503200.0;16
1503309.0;6
1503408.0;1
1503457.0;28
1503507.0;9
1503606.0;63
1503705.0;31
1503754.0;2
1503804.0;46
1503903.0;0
1504000.0;0
1504059.0;38
1504109.0;4
1504208.0;140
1504307.0;4
1504406.0;3
1504422.0;15
1504455.0;20
1504505.0;0
1504604.0;6
1504703.0;38
1504752.0;1
1504802.0;3
1504901.0;0
1504950.0;12
1504976.0;46
1505007.0;13
1505031.0;54
1505064.0;37
1505106.0;2
1505205.0;0
1505304.0;1
1505403.0;14
1505437.0;36
1505486.0;26
1505494.0;3
1505502.0;46
1505536.0;96
1505551.0;10
1505601.0;11
1505635.0;3
1505650.0;22
1505700.0;0
1505809.0;0
1505908.0;0
1506005.0;1
1506104.0;13
1506112.0;10
1506138.0;70
1506161.0;45
1506187.0;33
1506195.0;66
1506203.0;15
1506302.0;2
1506351.0;1
1506401.0;0
1506500.0;30
1506559.0;19
1506583.0;6
1506609.0;93
1506708.0;38
1506807.0;75
1506906.0;8
1507003.0;8
1507102.0;7
1507151.0;54
1507201.0;2
1507300.0;44
1507409.0;11
1507458.0;51
1507466.0;3
1507474.0;9
1507508.0;14
1507607.0;34
1507706.0;0
1507755.0;13
1507805.0;1
1507904.0;1
1507953.0;45
1507961.0;5
1507979.0;0
1508001.0;13
1508035.0;14
1508050.0;46
1508084.0;42
1508100.0;44
1508126.0;20
1508159.0;22
1508209.0;7
1508308.0;10
1508357.0;0
1508407.0;61
1600055.0;3
1600105.0;6
1600154.0;3
1600204.0;5
1600212.0;1
1600238.0;3
1600253.0;1
1600279.0;4
1600303.0;13
1600402.0;1
1600501.0;5
1600535.0;8
1600550.0;2
1600600.0;1
1600709.0;6
1600808.0;1
1700251.0;6
1700301.0;11
1700350.0;56
1700400.0;23
1700707.0;88
1701002.0;15
1701051.0;14
1701101.0;3
1701309.0;5
1701903.0;7
1702000.0;12
1702109.0;186
1702158.0;17
1702208.0;63
1702307.0;14
1702406.0;52
1702554.0;37
1702703.0;24
1702901.0;20
1703008.0;1
1703057.0;13
1703073.0;4
1703107.0;34
1703206.0;7
1703305.0;2
1703602.0;19
1703701.0;5
1703800.0;12
1703826.0;12
1703842.0;5
1703867.0;12
1703883.0;11
1703891.0;4
1703909.0;10
1704105.0;3
1704600.0;1
1705102.0;12
1705508.0;146
1705557.0;24
1705607.0;6
1706001.0;24
1706100.0;8
1706258.0;24
1706506.0;15
1707009.0;44
1707108.0;11
1707207.0;7
1707306.0;5
1707405.0;9
1707553.0;26
1707652.0;30
1707702.0;22
1708205.0;21
1708254.0;27
1708304.0;9
1709005.0;4
1709302.0;119
1709500.0;249
1710508.0;17
1710706.0;8
1710904.0;7
1711100.0;7
1711506.0;13
1711803.0;4
1711902.0;11
1711951.0;2
1712009.0;19
1712157.0;17
1712405.0;1
1712454.0;17
1712504.0;10
1712702.0;1
1712801.0;4
1713205.0;53
1713304.0;100
1713601.0;5
1713700.0;8
1713809.0;8
1713957.0;8
1714203.0;38
1714302.0;10
1714880.0;41
1715002.0;35
1715101.0;2
1715150.0;19
1715259.0;21
1715507.0;26
1715705.0;2
1715754.0;26
1716109.0;157
1716208.0;23
1716307.0;15
1716505.0;12
1716604.0;25
1716653.0;33
1716703.0;39
1717008.0;5
1717206.0;10
1717503.0;5
1717800.0;17
1717909.0;6
1718006.0;12
1718204.0;102
1718303.0;1
1718402.0;24
1718451.0;16
1718501.0;1
1718550.0;13
1718709.0;22
1718758.0;2
1718840.0;6
1718865.0;3
1718881.0;11
1718899.0;21
1718907.0;25
1719004.0;4
1720002.0;3
1720101.0;17
1720200.0;10
1720259.0;19
1720309.0;7
1720499.0;15
1720655.0;25
1720804.0;16
1720853.0;2
1720903.0;26
1720937.0;1
1720978.0;14
1721000.0;216
1721109.0;1
1721208.0;25
1721307.0;7
1722081.0;47
1722107.0;30
2100055.0;119
2100105.0;1
2100154.0;5
2100204.0;5
2100303.0;1
2100402.0;7
2100436.0;63
2100477.0;2
2100501.0;10
2100550.0;10
2100600.0;6
2100709.0;4
2100808.0;32
2100832.0;28
2100873.0;9
2100907.0;10
2100956.0;4
2101004.0;65
2101103.0;4
2101202.0;169
2101251.0;87
2101301.0;16
2101350.0;7
2101400.0;87
2101509.0;26
2101608.0;52
2101707.0;8
2101731.0;1
2101772.0;5
2101806.0;5
2101905.0;6
2101939.0;19
2101970.0;35
2102002.0;14
2102036.0;11
2102077.0;1
2102101.0;43
2102150.0;4
2102200.0;15
2102309.0;19
2102325.0;54
2102358.0;6
2102374.0;4
2102408.0;11
2102507.0;4
2102556.0;43
2102606.0;27
2102705.0;9
2102754.0;25
2102804.0;57
2102903.0;33
2103000.0;160
2103109.0;4
2103125.0;15
2103158.0;3
2103174.0;16
2103208.0;48
2103257.0;7
2103307.0;53
2103406.0;19
2103505.0;49
2103554.0;5
2103604.0;12
2103703.0;15
2103802.0;55
2103901.0;6
2104008.0;17
2104057.0;104
2104073.0;2
2104081.0;1
2104099.0;9
2104107.0;11
2104206.0;21
2104305.0;18
2104404.0;8
2104503.0;6
2104552.0;14
2104602.0;16
2104628.0;13
2104651.0;2
2104677.0;60
2104701.0;13
2104800.0;61
2104909.0;3
2105005.0;6
2105104.0;4
2105153.0;9
2105203.0;23
2105302.0;171
2105351.0;2
2105401.0;75
2105427.0;26
2105450.0;9
2105476.0;3
2105500.0;4
2105609.0;7
2105658.0;9
2105708.0;32
2105807.0;7
2105906.0;2
2105922.0;4
2105948.0;11
2105963.0;2
2105989.0;12
2106003.0;23
2106102.0;1
2106201.0;18
2106300.0;2
2106326.0;82
2106359.0;1
2106375.0;48
2106508.0;27
2106607.0;6
2106631.0;24
2106672.0;3
2106706.0;20
2106755.0;123
2106805.0;16
2106904.0;1
2107001.0;7
2107100.0;6
2107209.0;4
2107258.0;2
2107308.0;2
2107357.0;54
2107407.0;9
2107456.0;27
2107605.0;1
2107704.0;38
2107803.0;8
2107902.0;13
2108009.0;55
2108058.0;9
2108108.0;4
2108207.0;36
2108256.0;3
2108306.0;8
2108405.0;1
2108454.0;168
2108504.0;4
2108603.0;26
2108702.0;12
2108801.0;8
2108900.0;16
2109007.0;80
2109056.0;4
2109106.0;95
2109205.0;3
2109239.0;3
2109270.0;1
2109304.0;4
2109403.0;1
2109502.0;56
2109551.0;10
2109601.0;9
2109700.0;1
2109759.0;1
2109809.0;16
2109908.0;118
2110005.0;49
2110039.0;56
2110104.0;26
2110203.0;81
2110278.0;3
2110302.0;26
2110401.0;6
2110500.0;10
2110609.0;26
2110658.0;52
2110708.0;42
2110807.0;1
2110856.0;1
2110906.0;1
2111003.0;10
2111052.0;3
2111078.0;1
2111102.0;61
2111201.0;1
2111250.0;10
2111300.0;216
2111409.0;2
2111508.0;57
2111532.0;7
2111573.0;5
2111607.0;34
2111631.0;1
2111672.0;1
2111706.0;26
2111722.0;1
2111748.0;19
2111763.0;4
2111789.0;10
2111805.0;13
2111904.0;19
2111953.0;3
2112001.0;11
2112100.0;11
2112209.0;130
2112233.0;3
2112308.0;4
2112407.0;5
2112456.0;4
2112506.0;13
2112605.0;7
2112704.0;30
2112803.0;29
2112852.0;6
2112902.0;76
2113009.0;9
2114007.0;54
2200053.0;14
2200103.0;3
2200202.0;79
2200251.0;2
2200277.0;19
2200301.0;6
2200400.0;55
2200459.0;28
2200509.0;53
2200608.0;27
2200707.0;13
2200806.0;9
2200905.0;8
2200954.0;1
2201002.0;7
2201051.0;5
2201101.0;23
2201150.0;17
2201176.0;7
2201200.0;45
2201309.0;11
2201408.0;49
2201507.0;40
2201556.0;1
2201572.0;3
2201606.0;3
2201705.0;17
2201739.0;6
2201770.0;7
2201804.0;4
2201903.0;61
2201919.0;2
2201929.0;2
2201945.0;4
2201960.0;19
2201988.0;1
2202000.0;52
2202026.0;6
2202059.0;16
2202075.0;3
2202083.0;9
2202091.0;7
2202109.0;3
2202117.0;11
2202133.0;24
2202174.0;7
2202208.0;84
2202251.0;2
2202307.0;75
2202406.0;15
2202455.0;10
2202505.0;20
2202539.0;4
2202554.0;8
2202604.0;10
2202653.0;3
2202703.0;23
2202711.0;3
2202729.0;3
2202737.0;2
2202752.0;57
2202778.0;21
2202802.0;6
2202851.0;20
2202901.0;80
2203008.0;33
2203107.0;66
2203206.0;31
2203255.0;3
2203271.0;3
2203305.0;60
2203354.0;9
2203404.0;12
2203420.0;5
2203453.0;5
2203503.0;41
2203602.0;60
2203701.0;35
2203750.0;1
2203800.0;3
2203859.0;3
2203909.0;149
2204006.0;9
2204105.0;2
2204154.0;18
2204204.0;1
2204303.0;46
2204352.0;12
2204402.0;66
2204501.0;9
2204550.0;1
2204600.0;3
2204659.0;1
2204709.0;34
2204808.0;31
2204907.0;4
2205003.0;4
2205102.0;66
2205151.0;20
2205201.0;23
2205250.0;8
2205276.0;1
2205300.0;18
2205359.0;1
2205409.0;9
2205458.0;9
2205508.0;40
2205516.0;7
2205524.0;11
2205532.0;13
2205540.0;1
2205557.0;3
2205565.0;10
2205573.0;2
2205581.0;17
2205599.0;1
2205607.0;11
2205706.0;16
2205805.0;22
2205854.0;11
2205904.0;9
2205953.0;53
2206001.0;12
2206050.0;3
2206100.0;16
2206209.0;8
2206308.0;2
2206357.0;4
2206407.0;16
2206506.0;3
2206605.0;61
2206654.0;1
2206670.0;11
2206696.0;2
2206704.0;18
2206720.0;2
2206753.0;1
2206803.0;7
2206902.0;2
2206951.0;3
2207009.0;96
2207108.0;3
2207207.0;6
2207306.0;5
2207355.0;1
2207405.0;6
2207504.0;2
2207553.0;2
2207603.0;25
2207702.0;104
2207751.0;43
2207777.0;22
2207793.0;2
2207801.0;29
2207900.0;9
2207934.0;2
2207959.0;14
2208007.0;198
2208106.0;6
2208205.0;14
2208304.0;41
2208403.0;80
2208502.0;8
2208551.0;1
2208601.0;7
2208650.0;15
2208700.0;45
2208809.0;54
2208858.0;1
2208874.0;3
2208908.0;15
2209005.0;3
2209104.0;8
2209153.0;6
2209203.0;13
2209302.0;2
2209351.0;1
2209377.0;14
2209401.0;11
2209450.0;7
2209500.0;4
2209559.0;14
2209609.0;6
2209658.0;11
2209708.0;4
2209757.0;7
2209807.0;8
2209856.0;4
2209872.0;12
2209906.0;5
2209955.0;4
2209971.0;10
2210003.0;38
2210052.0;1
2210102.0;2
2210201.0;3
2210300.0;3
2210359.0;10
2210375.0;4
2210383.0;7
2210391.0;1
2210409.0;8
2210508.0;46
2210607.0;61
2210623.0;1
2210631.0;19
2210656.0;3
2210706.0;21
2210805.0;38
2210904.0;4
2210938.0;5
2210953.0;2
2210979.0;9
2211001.0;309
2211100.0;4
2211209.0;24
2211308.0;114
2211357.0;2
2211407.0;14
2211506.0;4
2211605.0;21
2211704.0;4
2300101.0;4
2300150.0;14
2300200.0;16
2300309.0;58
2300408.0;16
2300507.0;1
2300606.0;3
2300705.0;9
2300754.0;17
2300804.0;25
2300903.0;5
2301000.0;11
2301109.0;60
2301208.0;13
2301257.0;12
2301307.0;43
2301406.0;14
2301505.0;15
2301604.0;26
2301703.0;14
2301802.0;15
2301851.0;10
2301901.0;56
2301950.0;7
2302008.0;103
2302057.0;13
2302107.0;15
2302206.0;12
2302305.0;15
2302404.0;67
2302503.0;82
2302602.0;41
2302701.0;82
2302800.0;91
2302909.0;11
2303006.0;9
2303105.0;19
2303204.0;2
2303303.0;12
2303402.0;15
2303501.0;10
2303600.0;8
2303659.0;14
2303709.0;14
2303808.0;20
2303907.0;22
2303931.0;9
2303956.0;16
2304004.0;13
2304103.0;87
2304202.0;152
2304236.0;21
2304251.0;18
2304269.0;9
2304277.0;10
2304285.0;1
2304301.0;34
2304350.0;51
2304400.0;358
2304459.0;9
2304509.0;16
2304608.0;5
2304657.0;12
2304707.0;36
2304806.0;2
2304905.0;14
2304954.0;17
2305001.0;41
2305100.0;12
2305209.0;8
2305233.0;30
2305266.0;12
2305308.0;38
2305332.0;7
2305357.0;8
2305407.0;90
2305506.0;97
2305605.0;44
2305654.0;9
2305704.0;19
2305803.0;55
2305902.0;36
2306009.0;10
2306108.0;41
2306207.0;10
2306256.0;5
2306306.0;66
2306405.0;22
2306504.0;10
2306553.0;14
2306603.0;4
2306702.0;9
2306801.0;11
2306900.0;68
2307007.0;9
2307106.0;9
2307205.0;47
2307254.0;16
2307304.0;168
2307403.0;12
2307502.0;15
2307601.0;42
2307635.0;42
2307650.0;1
2307700.0;13
2307809.0;15
2307908.0;12
2308005.0;13
2308104.0;15
2308203.0;2
2308302.0;80
2308351.0;9
2308377.0;7
2308401.0;65
2308500.0;72
2308609.0;6
2308708.0;13
2308807.0;12
2308906.0;14
2309003.0;10
2309102.0;12
2309201.0;38
2309300.0;65
2309409.0;42
2309458.0;4
2309508.0;6
2309607.0;75
2309706.0;16
2309805.0;12
2309904.0;18
2310001.0;6
2310100.0;12
2310209.0;3
2310258.0;5
2310308.0;30
2310407.0;3
2310506.0;49
2310605.0;22
2310704.0;5
2310803.0;12
2310852.0;4
2310902.0;16
2310951.0;13
2311009.0;13
2311108.0;15
2311207.0;15
2311231.0;9
2311264.0;40
2311306.0;62
2311355.0;2
2311405.0;42
2311504.0;8
2311603.0;12
2311702.0;15
2311801.0;65
2311900.0;20
2311959.0;6
2312007.0;14
2312106.0;2
2312205.0;25
2312304.0;62
2312403.0;5
2312502.0;6
2312601.0;48
2312700.0;10
2312809.0;12
2312908.0;165
2313005.0;13
2313104.0;19
2313203.0;18
2313252.0;7
2313302.0;56
2313351.0;6
2313401.0;94
2313500.0;5
2313559.0;18
2313609.0;35
2313708.0;5
2313757.0;48
2313807.0;7
2313906.0;12
2313955.0;17
2314003.0;62
2314102.0;27
2400109.0;23
2400208.0;72
2400307.0;7
2400406.0;4
2400505.0;15
2400604.0;9
2400703.0;6
2400802.0;13
2400901.0;10
2401008.0;22
2401107.0;7
2401206.0;4
2401305.0;13
2401404.0;5
2401453.0;6
2401503.0;1
2401602.0;5
2401701.0;19
2401800.0;8
2401859.0;6
2401909.0;14
2402006.0;74
2402105.0;2
2402204.0;24
2402303.0;10
2402402.0;4
2402600.0;17
2402709.0;1
2402808.0;8
2402907.0;3
2403004.0;16
2403103.0;57
2403202.0;3
2403251.0;77
2403301.0;6
2403400.0;10
2403509.0;8
2403707.0;2
2403756.0;10
2403806.0;11
2403905.0;2
2404002.0;9
2404101.0;6
2404200.0;44
2404309.0;1
2404408.0;2
2404507.0;6
2404606.0;1
2404705.0;6
2404804.0;3
2404853.0;6
2404903.0;15
2405009.0;7
2405108.0;6
2405207.0;3
2405504.0;2
2405603.0;31
2405702.0;30
2405801.0;19
2405900.0;4
2406007.0;7
2406106.0;14
2406155.0;5
2406205.0;5
2406304.0;8
2406502.0;4
2406601.0;4
2406700.0;17
2406809.0;3
2406908.0;9
2407005.0;5
2407104.0;44
2407203.0;12
2407252.0;7
2407302.0;8
2407401.0;3
2407500.0;2
2407609.0;2
2407708.0;7
2407807.0;10
2407906.0;3
2408003.0;116
2408102.0;213
2408300.0;34
2408409.0;11
2408508.0;4
2408607.0;2
2408706.0;6
2408805.0;7
2408904.0;16
2408953.0;3
2409100.0;11
2409209.0;4
2409308.0;16
2409332.0;8
2409407.0;91
2409506.0;7
2409605.0;1
2409704.0;7
2409803.0;9
2409902.0;6
2410009.0;2
2410108.0;4
2410207.0;5
2410256.0;1
2410306.0;8
2410405.0;3
2410504.0;13
2410603.0;9
2410702.0;11
2410801.0;3
2410900.0;11
2411007.0;2
2411056.0;3
2411205.0;46
2411403.0;6
2411429.0;3
2411502.0;13
2411601.0;6
2411700.0;1
2411809.0;1
2411908.0;7
2412005.0;1
2412104.0;3
2412203.0;16
2412302.0;3
2412401.0;15
2412500.0;22
2412559.0;3
2412609.0;1
2412807.0;4
2412906.0;1
2413003.0;9
2413102.0;5
2413201.0;4
2413300.0;2
2413359.0;1
2413409.0;2
2413508.0;5
2413557.0;3
2413607.0;1
2413805.0;5
2413904.0;10
2414001.0;49
2414100.0;4
2414159.0;6
2414209.0;4
2414308.0;1
2414407.0;6
2414456.0;5
2414506.0;16
2414605.0;2
2414704.0;8
2414753.0;2
2414803.0;5
2414902.0;2
2500106.0;18
2500205.0;7
2500304.0;14
2500403.0;3
2500502.0;16
2500536.0;5
2500577.0;4
2500601.0;3
2500700.0;32
2500734.0;9
2500775.0;27
2500809.0;6
2500908.0;17
2501005.0;17
2501104.0;11
2501153.0;2
2501203.0;3
2501302.0;3
2501351.0;17
2501401.0;6
2501500.0;23
2501534.0;4
2501575.0;6
2501609.0;14
2501708.0;7
2501807.0;2
2501906.0;30
2502003.0;3
2502052.0;2
2502102.0;24
2502151.0;16
2502300.0;3
2502409.0;28
2502508.0;7
2502607.0;7
2502706.0;11
2502805.0;23
2502904.0;6
2503001.0;5
2503100.0;6
2503209.0;2
2503308.0;2
2503407.0;2
2503506.0;14
2503555.0;4
2503605.0;16
2503704.0;141
2503753.0;10
2503803.0;7
2503902.0;4
2504009.0;236
2504033.0;4
2504074.0;9
2504108.0;1
2504157.0;8
2504207.0;22
2504306.0;50
2504355.0;4
2504405.0;40
2504504.0;27
2504603.0;1
2504702.0;12
2504801.0;19
2504850.0;2
2504900.0;24
2505006.0;6
2505105.0;10
2505204.0;14
2505238.0;4
2505279.0;1
2505303.0;3
2505352.0;10
2505402.0;19
2505501.0;2
2505600.0;24
2505709.0;8
2505808.0;12
2505907.0;3
2506004.0;22
2506103.0;1
2506202.0;3
2506251.0;2
2506301.0;55
2506400.0;5
2506509.0;2
2506608.0;22
2506707.0;18
2506806.0;14
2506905.0;19
2507002.0;31
2507101.0;7
2507200.0;4
2507309.0;13
2507408.0;29
2507507.0;231
2507606.0;5
2507705.0;54
2507804.0;41
2507903.0;6
2508000.0;20
2508109.0;2
2508208.0;12
2508307.0;24
2508406.0;1
2508505.0;8
2508554.0;16
2508703.0;1
2508802.0;34
2508901.0;22
2509008.0;5
2509057.0;4
2509107.0;35
2509156.0;25
2509206.0;4
2509305.0;2
2509339.0;3
2509370.0;3
2509396.0;18
2509404.0;8
2509503.0;5
2509602.0;25
2509701.0;25
2509800.0;6
2509909.0;4
2510006.0;3
2510105.0;8
2510204.0;8
2510303.0;7
2510402.0;20
2510501.0;1
2510600.0;16
2510709.0;1
2510808.0;170
2510907.0;15
2511004.0;7
2511103.0;7
2511202.0;3
2511301.0;27
2511400.0;18
2511509.0;5
2511608.0;6
2511707.0;1
2511806.0;30
2511905.0;4
2512002.0;4
2512036.0;1
2512077.0;3
2512101.0;103
2512200.0;16
2512309.0;29
2512408.0;2
2512507.0;17
2512606.0;2
2512705.0;27
2512721.0;12
2512754.0;9
2512788.0;8
2512804.0;2
2512903.0;13
2513000.0;2
2513109.0;4
2513158.0;4
2513208.0;5
2513307.0;4
2513356.0;8
2513406.0;53
2513505.0;8
2513604.0;8
2513653.0;3
2513703.0;16
2513802.0;24
2513851.0;1
2513901.0;19
2513927.0;27
2513943.0;2
2513968.0;3
2513984.0;5
2514008.0;17
2514107.0;4
2514206.0;2
2514305.0;3
2514404.0;1
2514453.0;2
2514503.0;28
2514552.0;2
2514602.0;21
2514800.0;4
2514909.0;35
2515005.0;5
2515104.0;16
2515203.0;8
2515302.0;37
2515401.0;6
2515500.0;19
2515609.0;6
2515708.0;6
2515807.0;6
2515906.0;11
2515930.0;10
2515971.0;1
2516003.0;24
2516102.0;73
2516151.0;2
2516201.0;113
2516300.0;25
2516409.0;11
2516508.0;19
2516607.0;20
2516706.0;29
2516805.0;3
2516904.0;58
2517001.0;15
2517100.0;1
2517209.0;1
2517407.0;8
2600054.0;5
2600104.0;30
2600203.0;18
2600302.0;14
2600401.0;11
2600500.0;33
2600609.0;8
2600708.0;12
2600807.0;3
2600906.0;6
2601003.0;10
2601052.0;1
2601102.0;69
2601201.0;116
2601300.0;11
2601409.0;16
2601508.0;14
2601607.0;30
2601706.0;56
2601805.0;2
2601904.0;37
2602001.0;18
2602100.0;12
2602209.0;9
2602308.0;18
2602407.0;5
2602506.0;8
2602605.0;2
2602704.0;9
2602803.0;10
2602902.0;28
2603009.0;76
2603108.0;5
2603207.0;4
2603306.0;3
2603405.0;15
2603454.0;28
2603504.0;15
2603603.0;3
2603702.0;14
2603801.0;5
2603900.0;9
2603926.0;3
2604007.0;34
2604106.0;183
2604155.0;2
2604205.0;23
2604304.0;16
2604403.0;6
2604502.0;16
2604601.0;4
2604700.0;2
2604809.0;10
2604908.0;18
2605004.0;20
2605103.0;61
2605152.0;1
2605202.0;25
2605301.0;25
2605400.0;11
2605509.0;3
2605608.0;23
2605707.0;27
2605806.0;8
2605905.0;18
2606002.0;90
2606101.0;8
2606200.0;24
2606309.0;2
2606408.0;51
2606507.0;3
2606606.0;19
2606705.0;3
2606804.0;4
2606903.0;5
2607000.0;14
2607109.0;3
2607208.0;11
2607307.0;10
2607406.0;12
2607505.0;7
2607653.0;5
2607703.0;8
2607802.0;2
2607901.0;8
2607950.0;9
2608008.0;13
2608057.0;29
2608107.0;9
2608206.0;1
2608255.0;2
2608305.0;10
2608404.0;15
2608453.0;20
2608503.0;7
2608602.0;1
2608701.0;12
2608750.0;53
2608800.0;27
2608909.0;31
2609006.0;10
2609105.0;9
2609154.0;5
2609204.0;9
2609303.0;9
2609402.0;15
2609501.0;13
2609709.0;10
2609808.0;41
2609907.0;64
2610004.0;48
2610103.0;3
2610202.0;18
2610301.0;2
2610400.0;24
2610509.0;14
2610608.0;33
2610707.0;1
2610806.0;13
2610905.0;38
2611002.0;41
2611101.0;163
2611200.0;9
2611309.0;13
2611408.0;6
2611507.0;21
2611533.0;3
2611606.0;283
2611705.0;10
2611804.0;26
2611903.0;15
2612000.0;15
2612109.0;9
2612208.0;140
2612307.0;3
2612406.0;24
2612455.0;14
2612471.0;5
2612505.0;38
2612554.0;4
2612604.0;73
2612703.0;4
2612802.0;8
2612901.0;9
2613008.0;9
2613107.0;15
2613206.0;11
2613305.0;11
2613404.0;15
2613503.0;17
2613602.0;34
2613701.0;28
2613800.0;12
2613909.0;114
2614006.0;8
2614105.0;42
2614204.0;13
2614303.0;8
2614402.0;5
2614501.0;24
2614600.0;26
2614709.0;4
2614808.0;12
2614857.0;15
2615003.0;10
2615102.0;4
2615201.0;3
2615300.0;19
2615409.0;14
2615508.0;12
2615607.0;38
2615706.0;6
2615805.0;7
2615904.0;14
2616001.0;11
2616100.0;1
2616183.0;2
2616209.0;17
2616308.0;9
2616407.0;51
2616506.0;13
2700102.0;4
2700201.0;6
2700300.0;130
2700409.0;16
2700508.0;15
2700607.0;8
2700706.0;7
2700805.0;4
2700904.0;2
2701001.0;7
2701100.0;2
2701209.0;7
2701308.0;10
2701357.0;3
2701407.0;6
2701506.0;4
2701605.0;6
2701704.0;10
2701803.0;4
2701902.0;7
2702009.0;1
2702108.0;7
2702207.0;1
2702306.0;22
2702355.0;1
2702405.0;82
2702504.0;5
2702553.0;4
2702603.0;1
2702702.0;6
2702801.0;4
2702900.0;3
2703007.0;2
2703106.0;3
2703205.0;18
2703304.0;23
2703403.0;3
2703502.0;1
2703601.0;6
2703700.0;4
2703759.0;9
2703809.0;9
2703908.0;1
2704005.0;12
2704104.0;3
2704203.0;2
2704302.0;234
2704401.0;3
2704500.0;15
2704609.0;12
2704708.0;5
2704807.0;12
2704906.0;8
2705002.0;7
2705101.0;13
2705200.0;13
2705309.0;3
2705408.0;2
2705507.0;7
2705606.0;10
2705705.0;13
2705804.0;4
2705903.0;4
2706000.0;3
2706109.0;14
2706208.0;3
2706307.0;61
2706406.0;4
2706422.0;2
2706448.0;8
2706505.0;6
2706604.0;11
2706703.0;44
2706802.0;8
2706901.0;19
2707008.0;4
2707107.0;6
2707206.0;3
2707305.0;19
2707404.0;6
2707503.0;21
2707602.0;9
2707701.0;8
2707800.0;1
2708006.0;30
2708105.0;1
2708204.0;15
2708303.0;8
2708402.0;7
2708501.0;17
2708600.0;63
2708709.0;6
2708808.0;15
2708907.0;21
2708956.0;3
2709004.0;4
2709103.0;4
2709152.0;14
2709202.0;2
2709301.0;13
2709400.0;12
2800100.0;20
2800209.0;15
2800308.0;226
2800407.0;10
2800506.0;22
2800670.0;15
2800704.0;11
2801009.0;8
2801108.0;20
2801207.0;19
2801306.0;15
2801405.0;8
2801504.0;30
2801603.0;18
2801702.0;31
2801900.0;16
2802007.0;2
2802106.0;66
2802205.0;22
2802304.0;9
2802403.0;23
2802502.0;3
2802601.0;22
2802700.0;11
2802809.0;6
2802908.0;56
2803005.0;10
2803104.0;21
2803203.0;29
2803302.0;28
2803401.0;13
2803500.0;64
2803609.0;35
2803708.0;4
2803807.0;15
2803906.0;4
2804003.0;39
2804102.0;8
2804201.0;22
2804300.0;23
2804409.0;10
2804458.0;12
2804508.0;30
2804607.0;22
2804706.0;23
2804805.0;23
2804904.0;12
2805000.0;4
2805109.0;11
2805208.0;5
2805307.0;3
2805406.0;20
2805505.0;8
2805604.0;27
2805703.0;111
2805802.0;22
2805901.0;6
2806008.0;15
2806107.0;37
2806206.0;39
2806305.0;6
2806404.0;9
2806503.0;3
2806602.0;2
2806701.0;1
2806800.0;8
2806909.0;17
2807006.0;5
2807105.0;27
2807204.0;17
2807303.0;14
2807402.0;54
2807501.0;5
2807600.0;32
2900108.0;26
2900207.0;17
2900306.0;16
2900355.0;16
2900405.0;13
2900504.0;11
2900603.0;8
2900702.0;100
2900801.0;33
2900900.0;4
2901007.0;24
2901106.0;68
2901155.0;44
2901205.0;73
2901304.0;25
2901353.0;10
2901403.0;6
2901502.0;16
2901601.0;36
2901700.0;2
2901809.0;18
2901908.0;21
2901957.0;5
2902005.0;63
2902054.0;14
2902104.0;41
2902203.0;9
2902252.0;5
2902302.0;8
2902500.0;3
2902609.0;39
2902658.0;8
2902708.0;31
2902807.0;28
2902906.0;4
2903003.0;21
2903102.0;31
2903201.0;300
2903235.0;8
2903276.0;8
2903300.0;1
2903409.0;11
2903508.0;19
2903607.0;26
2903706.0;12
2903805.0;4
2903904.0;78
2903953.0;5
2904001.0;15
2904050.0;29
2904100.0;35
2904209.0;21
2904308.0;9
2904407.0;23
2904506.0;17
2904605.0;98
2904704.0;19
2904753.0;21
2904803.0;3
2904852.0;8
2904902.0;27
2905008.0;22
2905107.0;13
2905156.0;4
2905206.0;81
2905305.0;30
2905404.0;15
2905503.0;14
2905602.0;94
2905701.0;53
2905800.0;37
2905909.0;10
2906006.0;17
2906105.0;2
2906204.0;18
2906303.0;42
2906402.0;5
2906501.0;5
2906600.0;7
2906709.0;39
2906808.0;16
2906824.0;11
2906857.0;4
2906873.0;127
2906899.0;2
2906907.0;17
2907004.0;4
2907103.0;16
2907202.0;16
2907301.0;21
2907400.0;3
2907509.0;40
2907558.0;33
2907608.0;24
2907707.0;21
2907806.0;42
2907905.0;42
2908002.0;15
2908101.0;16
2908200.0;14
2908309.0;12
2908408.0;26
2908507.0;14
2908606.0;21
2908705.0;21
2908804.0;26
2908903.0;9
2909000.0;8
2909109.0;9
2909208.0;8
2909307.0;51
2909406.0;9
2909505.0;12
2909604.0;15
2909703.0;97
2909802.0;96
2909901.0;3
2910008.0;12
2910057.0;19
2910107.0;20
2910206.0;6
2910305.0;9
2910404.0;2
2910503.0;33
2910602.0;103
2910701.0;30
2910727.0;139
2910750.0;26
2910776.0;5
2910800.0;437
2910859.0;25
2910909.0;19
2911006.0;36
2911105.0;61
2911204.0;86
2911253.0;26
2911303.0;2
2911402.0;1
2911501.0;7
2911600.0;48
2911659.0;5
2911709.0;100
2911808.0;6
2911857.0;17
2911907.0;35
2912004.0;18
2912103.0;32
2912202.0;12
2912301.0;16
2912400.0;11
2912509.0;17
2912608.0;1
2912707.0;26
2912806.0;3
2912905.0;31
2913002.0;15
2913101.0;11
2913200.0;144
2913309.0;7
2913408.0;32
2913457.0;29
2913507.0;16
2913606.0;104
2913705.0;47
2913804.0;2
2913903.0;70
2914000.0;41
2914109.0;32
2914208.0;1
2914307.0;15
2914406.0;21
2914505.0;17
2914604.0;99
2914653.0;53
2914703.0;137
2914802.0;184
2914901.0;32
2915007.0;8
2915106.0;5
2915205.0;12
2915304.0;72
2915353.0;13
2915403.0;7
2915502.0;19
2915601.0;63
2915700.0;3
2915809.0;45
2915908.0;6
2916005.0;16
2916104.0;46
2916203.0;2
2916302.0;10
2916401.0;58
2916500.0;32
2916609.0;7
2916708.0;25
2916807.0;14
2916856.0;36
2916906.0;32
2917003.0;24
2917102.0;33
2917201.0;27
2917300.0;37
2917334.0;1
2917359.0;8
2917409.0;23
2917508.0;107
2917607.0;37
2917706.0;34
2917805.0;2
2917904.0;16
2918001.0;200
2918100.0;58
2918209.0;26
2918308.0;45
2918357.0;19
2918407.0;88
2918456.0;1
2918506.0;6
2918555.0;5
2918605.0;17
2918704.0;1
2918753.0;4
2918803.0;30
2918902.0;11
2919009.0;6
2919058.0;28
2919108.0;7
2919157.0;13
2919306.0;27
2919405.0;22
2919504.0;41
2919553.0;243
2919603.0;7
2919702.0;7
2919801.0;43
2919900.0;14
2919926.0;6
2919959.0;6
2920007.0;11
2920106.0;20
2920205.0;4
2920304.0;10
2920403.0;44
2920452.0;9
2920502.0;40
2920601.0;5
2920700.0;10
2920809.0;8
2920908.0;7
2921005.0;17
2921054.0;3
2921104.0;27
2921203.0;36
2921302.0;177
2921401.0;3
2921450.0;4
2921500.0;15
2921609.0;3
2921708.0;108
2921807.0;21
2921906.0;25
2922003.0;28
2922052.0;17
2922102.0;48
2922201.0;16
2922250.0;7
2922300.0;26
2922409.0;26
2922508.0;41
2922607.0;31
2922656.0;11
2922706.0;16
2922730.0;29
2922755.0;1
2922805.0;12
2922854.0;12
2922904.0;42
2923001.0;31
2923035.0;9
2923050.0;15
2923100.0;46
2923209.0;39
2923308.0;9
2923357.0;9
2923407.0;6
2923506.0;26
2923605.0;32
2923704.0;38
2923803.0;27
2923902.0;4
2924009.0;88
2924058.0;4
2924108.0;4
2924207.0;8
2924306.0;19
2924405.0;16
2924504.0;36
2924603.0;12
2924652.0;2
2924678.0;2
2924702.0;16
2924801.0;47
2924900.0;19
2925006.0;60
2925105.0;138
2925204.0;26
2925253.0;19
2925303.0;93
2925402.0;22
2925501.0;39
2925600.0;2
2925709.0;6
2925758.0;34
2925808.0;21
2925907.0;9
2925931.0;2
2925956.0;7
2926004.0;17
2926103.0;19
2926202.0;29
2926301.0;49
2926400.0;57
2926509.0;9
2926608.0;66
2926657.0;1
2926707.0;14
2926806.0;2
2926905.0;18
2927002.0;30
2927101.0;13
2927200.0;26
2927309.0;3
2927408.0;434
2927507.0;41
2927606.0;9
2927705.0;5
2927804.0;15
2927903.0;29
2928000.0;20
2928059.0;10
2928109.0;69
2928208.0;34
2928307.0;3
2928406.0;32
2928505.0;20
2928604.0;28
2928703.0;125
2928802.0;61
2928901.0;26
2928950.0;11
2929008.0;27
2929057.0;23
2929107.0;8
2929206.0;3
2929255.0;5
2929305.0;11
2929354.0;18
2929370.0;4
2929404.0;10
2929503.0;8
2929602.0;57
2929701.0;10
2929750.0;5
2929800.0;13
2929909.0;193
2930006.0;2
2930105.0;115
2930154.0;20
2930204.0;1
2930303.0;25
2930402.0;7
2930501.0;89
2930600.0;11
2930709.0;36
2930758.0;1
2930766.0;23
2930774.0;8
2930808.0;18
2930907.0;24
2931004.0;37
2931053.0;20
2931103.0;31
2931202.0;31
2931301.0;10
2931350.0;98
2931400.0;11
2931509.0;23
2931608.0;27
2931707.0;2
2931806.0;19
2931905.0;27
2932002.0;11
2932101.0;25
2932200.0;78
2932309.0;53
2932408.0;2
2932457.0;9
2932507.0;27
2932606.0;34
2932705.0;16
2932804.0;33
2932903.0;60
2933000.0;19
2933059.0;12
2933109.0;12
2933158.0;27
2933174.0;8
2933208.0;0
2933257.0;2
2933307.0;294
2933406.0;25
2933455.0;10
2933505.0;36
2933604.0;40
3100104.0;13
3100203.0;21
3100302.0;26
3100401.0;1
3100500.0;16
3100609.0;23
3100708.0;1
3100807.0;5
3100906.0;22
3101003.0;3
3101102.0;27
3101201.0;24
3101300.0;2
3101508.0;49
3101607.0;53
3101631.0;6
3101706.0;45
3101805.0;19
3101904.0;21
3102001.0;18
3102050.0;5
3102100.0;7
3102209.0;3
3102308.0;7
3102407.0;10
3102506.0;1
3102605.0;15
3102803.0;23
3102852.0;2
3102902.0;3
3103009.0;6
3103108.0;5
3103207.0;6
3103306.0;2
3103405.0;29
3103504.0;156
3103603.0;9
3103702.0;3
3103751.0;10
3103801.0;8
3103900.0;12
3104007.0;119
3104106.0;13
3104205.0;32
3104304.0;26
3104403.0;7
3104452.0;1
3104502.0;20
3104601.0;21
3104700.0;6
3104809.0;26
3104908.0;26
3105004.0;7
3105103.0;35
3105202.0;1
3105301.0;14
3105400.0;18
3105509.0;1
3105608.0;107
3105707.0;1
3105905.0;20
3106002.0;14
3106101.0;2
3106200.0;643
3106309.0;21
3106408.0;2
3106507.0;6
3106606.0;15
3106655.0;1
3106705.0;70
3106804.0;4
3106903.0;24
3107000.0;6
3107109.0;26
3107307.0;47
3107406.0;53
3107505.0;25
3107604.0;3
3107703.0;3
3107802.0;11
3107901.0;3
3108008.0;17
3108107.0;14
3108206.0;14
3108255.0;2
3108305.0;16
3108404.0;14
3108503.0;3
3108552.0;14
3108602.0;15
3108701.0;8
3108800.0;10
3108909.0;12
3109006.0;8
3109105.0;2
3109204.0;33
3109253.0;2
3109303.0;17
3109402.0;1
3109451.0;2
3109501.0;12
3109600.0;13
3109709.0;6
3109808.0;5
3109907.0;5
3110004.0;4
3110103.0;2
3110202.0;1
3110301.0;6
3110400.0;1
3110509.0;8
3110608.0;14
3110707.0;35
3110806.0;36
3110905.0;21
3111002.0;15
3111101.0;11
3111200.0;30
3111309.0;7
3111408.0;6
3111507.0;32
3111606.0;19
3111705.0;4
3111804.0;6
3111903.0;11
3112000.0;14
3112059.0;9
3112109.0;6
3112208.0;6
3112307.0;39
3112406.0;7
3112505.0;4
3112604.0;9
3112653.0;2
3112703.0;15
3112802.0;23
3112901.0;1
3113008.0;2
3113107.0;3
3113206.0;20
3113305.0;44
3113404.0;85
3113503.0;29
3113602.0;16
3113701.0;33
3113800.0;6
3113909.0;13
3114006.0;22
3114105.0;21
3114204.0;7
3114303.0;19
3114402.0;22
3114501.0;21
3114550.0;5
3114600.0;2
3114709.0;5
3114808.0;8
3114907.0;2
3115003.0;1
3115102.0;21
3115201.0;1
3115300.0;43
3115359.0;14
3115409.0;13
3115458.0;23
3115474.0;2
3115508.0;45
3115706.0;30
3115805.0;16
3115904.0;1
3116001.0;1
3116100.0;6
3116159.0;9
3116209.0;2
3116308.0;3
3116407.0;1
3116506.0;2
3116605.0;10
3116704.0;22
3116803.0;21
3116902.0;8
3117009.0;4
3117108.0;16
3117207.0;5
3117306.0;8
3117405.0;7
3117504.0;11
3117603.0;12
3117702.0;12
3117801.0;5
3117836.0;4
3117876.0;2
3117900.0;6
3118007.0;31
3118106.0;1
3118205.0;2
3118304.0;69
3118403.0;23
3118502.0;2
3118601.0;13
3118700.0;9
3118809.0;5
3118908.0;8
3119005.0;5
3119104.0;36
3119203.0;21
3119302.0;21
3119401.0;131
3119500.0;7
3119609.0;13
3119708.0;2
3119807.0;16
3119906.0;1
3119955.0;2
3120003.0;2
3120102.0;23
3120151.0;20
3120201.0;5
3120300.0;3
3120409.0;20
3120508.0;11
3120607.0;13
3120706.0;2
3120805.0;16
3120839.0;2
3120870.0;11
3120904.0;83
3121001.0;15
3121100.0;6
3121209.0;4
3121258.0;2
3121308.0;8
3121407.0;7
3121506.0;3
3121605.0;32
3121803.0;9
3121902.0;6
3122009.0;26
3122108.0;29
3122207.0;28
3122306.0;86
3122355.0;25
3122405.0;3
3122454.0;2
3122504.0;45
3122603.0;7
3122702.0;9
3122801.0;1
3122900.0;16
3123007.0;12
3123106.0;11
3123205.0;18
3123304.0;4
3123403.0;2
3123528.0;15
3123601.0;34
3123700.0;39
3123809.0;15
3123858.0;4
3123908.0;10
3124005.0;9
3124104.0;3
3124203.0;28
3124302.0;53
3124401.0;1
3124500.0;8
3124609.0;7
3124807.0;19
3124906.0;9
3125002.0;3
3125101.0;17
3125200.0;1
3125309.0;1
3125408.0;3
3125507.0;17
3125606.0;5
3125705.0;13
3125804.0;8
3125903.0;6
3125952.0;43
3126000.0;4
3126109.0;50
3126208.0;7
3126307.0;1
3126406.0;7
3126505.0;3
3126604.0;2
3126703.0;36
3126752.0;10
3126802.0;2
3126901.0;45
3127008.0;18
3127057.0;8
3127073.0;1
3127107.0;116
3127206.0;4
3127305.0;17
3127339.0;2
3127354.0;3
3127370.0;2
3127388.0;7
3127404.0;6
3127503.0;14
3127602.0;23
3127701.0;286
3127800.0;4
3127909.0;1
3128006.0;53
3128105.0;8
3128204.0;3
3128253.0;1
3128303.0;17
3128402.0;20
3128501.0;4
3128600.0;16
3128709.0;43
3128808.0;1
3128907.0;8
3129004.0;6
3129103.0;1
3129202.0;6
3129301.0;21
3129400.0;6
3129509.0;38
3129608.0;2
3129657.0;1
3129707.0;5
3129806.0;4
3129905.0;2
3130002.0;6
3130051.0;1
3130101.0;18
3130200.0;8
3130309.0;29
3130408.0;2
3130507.0;8
3130556.0;2
3130606.0;9
3130655.0;7
3130705.0;5
3130804.0;4
3130903.0;51
3131000.0;11
3131109.0;12
3131158.0;5
3131208.0;21
3131307.0;193
3131406.0;6
3131505.0;5
3131604.0;13
3131703.0;54
3131802.0;4
3131901.0;29
3132008.0;4
3132107.0;20
3132206.0;31
3132305.0;3
3132404.0;54
3132503.0;35
3132602.0;1
3132701.0;46
3132800.0;3
3132909.0;12
3133006.0;3
3133105.0;16
3133204.0;7
3133303.0;118
3133402.0;10
3133501.0;17
3133600.0;8
3133709.0;6
3133758.0;29
3133808.0;30
3133907.0;13
3134004.0;13
3134103.0;13
3134202.0;56
3134301.0;8
3134400.0;30
3134509.0;15
3134608.0;1
3134707.0;17
3134806.0;1
3134905.0;16
3135001.0;3
3135050.0;8
3135076.0;2
3135100.0;60
3135209.0;38
3135308.0;10
3135357.0;19
3135407.0;4
3135456.0;1
3135506.0;2
3135605.0;18
3135704.0;4
3135803.0;35
3135902.0;14
3136009.0;10
3136108.0;6
3136207.0;161
3136306.0;30
3136405.0;14
3136504.0;7
3136520.0;3
3136553.0;19
3136579.0;2
3136603.0;1
3136652.0;49
3136702.0;221
3136801.0;3
3136900.0;3
3136959.0;4
3137007.0;3
3137106.0;5
3137205.0;26
3137403.0;9
3137502.0;16
3137536.0;3
3137601.0;12
3137700.0;21
3137809.0;21
3137908.0;7
3138005.0;29
3138104.0;10
3138203.0;66
3138302.0;10
3138351.0;6
3138401.0;112
3138500.0;6
3138609.0;18
3138625.0;4
3138658.0;22
3138674.0;1
3138682.0;13
3138708.0;4
3138807.0;69
3138906.0;18
3139003.0;25
3139102.0;11
3139201.0;25
3139250.0;5
3139300.0;22
3139409.0;76
3139508.0;34
3139607.0;50
3139706.0;15
3139805.0;9
3139904.0;4
3140001.0;41
3140100.0;4
3140159.0;4
3140209.0;6
3140308.0;4
3140407.0;2
3140506.0;23
3140530.0;23
3140555.0;12
3140605.0;7
3140704.0;18
3140803.0;8
3140852.0;7
3140902.0;15
3141009.0;35
3141108.0;14
3141207.0;2
3141306.0;9
3141405.0;38
3141504.0;2
3141603.0;18
3141702.0;6
3141801.0;32
3141900.0;13
3142007.0;31
3142106.0;14
3142205.0;10
3142254.0;4
3142304.0;2
3142403.0;22
3142502.0;2
3142601.0;2
3142700.0;27
3142809.0;36
3142908.0;42
3143005.0;25
3143104.0;35
3143153.0;1
3143203.0;12
3143302.0;150
3143401.0;17
3143450.0;5
3143500.0;9
3143609.0;2
3143708.0;8
3143807.0;4
3143906.0;105
3144003.0;9
3144102.0;30
3144201.0;15
3144300.0;62
3144359.0;38
3144375.0;1
3144409.0;9
3144508.0;15
3144607.0;17
3144656.0;5
3144672.0;2
3144706.0;59
3144805.0;2
3144904.0;4
3145000.0;19
3145059.0;1
3145109.0;3
3145208.0;97
3145307.0;16
3145356.0;20
3145372.0;1
3145406.0;15
3145455.0;18
3145505.0;13
3145604.0;37
3145703.0;2
3145802.0;6
3145851.0;1
3145877.0;14
3145901.0;31
3146008.0;27
3146107.0;59
3146206.0;2
3146255.0;2
3146305.0;41
3146404.0;6
3146503.0;3
3146552.0;3
3146602.0;4
3146701.0;7
3146750.0;5
3146909.0;15
3147006.0;43
3147105.0;55
3147204.0;29
3147303.0;18
3147402.0;66
3147501.0;6
3147600.0;13
3147709.0;7
3147808.0;2
3147907.0;66
3147956.0;3
3148004.0;92
3148103.0;83
3148202.0;5
3148301.0;1
3148400.0;3
3148509.0;21
3148608.0;15
3148707.0;25
3148756.0;3
3148806.0;2
3148905.0;10
3149002.0;6
3149101.0;12
3149150.0;24
3149200.0;17
3149309.0;17
3149408.0;2
3149507.0;6
3149606.0;12
3149705.0;15
3149804.0;31
3149903.0;113
3149952.0;25
3150000.0;4
3150109.0;2
3150158.0;2
3150208.0;1
3150307.0;6
3150406.0;6
3150505.0;11
3150539.0;5
3150570.0;6
3150604.0;6
3150703.0;4
3150802.0;11
3150901.0;1
3151008.0;38
3151107.0;12
3151206.0;73
3151305.0;28
3151404.0;17
3151503.0;23
3151602.0;21
3151701.0;7
3151800.0;57
3151909.0;14
3152006.0;23
3152105.0;71
3152131.0;2
3152170.0;26
3152204.0;54
3152303.0;14
3152402.0;16
3152501.0;76
3152600.0;12
3152709.0;11
3152808.0;31
3152907.0;16
3153004.0;2
3153103.0;3
3153202.0;18
3153301.0;10
3153400.0;12
3153509.0;10
3153608.0;16
3153707.0;7
3153806.0;2
3153905.0;2
3154002.0;15
3154101.0;8
3154150.0;20
3154200.0;7
3154309.0;19
3154408.0;15
3154457.0;15
3154507.0;1
3154705.0;7
3154804.0;2
3154903.0;47
3155009.0;8
3155108.0;7
3155207.0;6
3155306.0;6
3155405.0;14
3155504.0;19
3155603.0;6
3155702.0;8
3155801.0;48
3155900.0;3
3156007.0;11
3156106.0;13
3156205.0;4
3156304.0;5
3156403.0;8
3156452.0;1
3156502.0;3
3156601.0;11
3156700.0;2
3156809.0;14
3156908.0;20
3157005.0;83
3157104.0;18
3157203.0;14
3157252.0;27
3157278.0;3
3157302.0;14
3157377.0;2
3157401.0;1
3157500.0;14
3157658.0;7
3157708.0;29
3157807.0;1
3157906.0;14
3158003.0;38
3158102.0;3
3158201.0;21
3158300.0;24
3158409.0;1
3158508.0;5
3158607.0;6
3158706.0;1
3158805.0;2
3158904.0;15
3158953.0;5
3159001.0;3
3159100.0;3
3159209.0;7
3159308.0;7
3159357.0;20
3159407.0;2
3159506.0;2
3159605.0;34
3159704.0;5
3159803.0;6
3159902.0;35
3160009.0;1
3160108.0;1
3160207.0;7
3160306.0;9
3160405.0;8
3160504.0;6
3160603.0;1
3160702.0;23
3160801.0;5
3160900.0;11
3160959.0;2
3161007.0;18
3161106.0;29
3161205.0;3
3161304.0;6
3161403.0;5
3161502.0;14
3161601.0;1
3161700.0;3
3161809.0;8
3161908.0;20
3162005.0;18
3162104.0;30
3162203.0;2
3162252.0;4
3162302.0;7
3162401.0;5
3162450.0;11
3162500.0;67
3162559.0;18
3162575.0;29
3162609.0;9
3162658.0;4
3162708.0;22
3162807.0;36
3162906.0;21
3162922.0;10
3162948.0;7
3162955.0;3
3163003.0;4
3163102.0;11
3163201.0;12
3163300.0;4
3163409.0;9
3163508.0;20
3163607.0;4
3163706.0;39
3163805.0;3
3163904.0;4
3164001.0;11
3164100.0;34
3164209.0;5
3164308.0;2
3164407.0;4
3164431.0;1
3164472.0;2
3164605.0;4
3164704.0;50
3164803.0;6
3164902.0;3
3165008.0;12
3165107.0;3
3165206.0;6
3165305.0;21
3165404.0;8
3165503.0;14
3165537.0;4
3165552.0;14
3165560.0;1
3165578.0;1
3165602.0;1
3165701.0;12
3165800.0;2
3165909.0;15
3166006.0;9
3166105.0;31
3166204.0;3
3166303.0;1
3166402.0;8
3166501.0;8
3166709.0;21
3166808.0;7
3166907.0;4
3166956.0;1
3167103.0;18
3167202.0;85
3167301.0;1
3167400.0;8
3167509.0;4
3167608.0;15
3167707.0;9
3167806.0;6
3167905.0;12
3168002.0;31
3168051.0;7
3168101.0;1
3168200.0;12
3168309.0;3
3168408.0;13
3168507.0;17
3168606.0;207
3168705.0;69
3168804.0;7
3168903.0;2
3169000.0;26
3169059.0;1
3169109.0;4
3169208.0;15
3169307.0;59
3169356.0;29
3169406.0;21
3169505.0;1
3169604.0;23
3169703.0;28
3169802.0;1
3169901.0;68
3170008.0;1
3170057.0;29
3170107.0;239
3170206.0;286
3170305.0;3
3170404.0;26
3170438.0;3
3170503.0;10
3170529.0;16
3170578.0;4
3170602.0;2
3170701.0;62
3170750.0;7
3170800.0;8
3170909.0;11
3171006.0;8
3171071.0;16
3171105.0;1
3171154.0;4
3171204.0;2
3171303.0;62
3171402.0;3
3171501.0;1
3171600.0;14
3171709.0;3
3171808.0;28
3171907.0;15
3172004.0;33
3172103.0;9
3172202.0;1
3200102.0;19
3200136.0;14
3200169.0;2
3200201.0;32
3200300.0;9
3200359.0;8
3200409.0;23
3200508.0;12
3200607.0;19
3200706.0;2
3200805.0;23
3200904.0;19
3201001.0;17
3201100.0;17
3201159.0;7
3201209.0;55
3201308.0;13
3201407.0;16
3201506.0;72
3201605.0;27
3201704.0;10
3201803.0;1
3201902.0;19
3202009.0;6
3202108.0;11
3202207.0;34
3202256.0;3
3202306.0;28
3202405.0;51
3202454.0;34
3202504.0;30
3202553.0;5
3202603.0;34
3202652.0;9
3202702.0;13
3202801.0;10
3202900.0;10
3203007.0;25
3203056.0;13
3203106.0;15
3203130.0;56
3203163.0;8
3203205.0;56
3203304.0;9
3203320.0;30
3203346.0;31
3203353.0;6
3203403.0;16
3203502.0;21
3203601.0;17
3203700.0;9
3203809.0;9
3203908.0;37
3204005.0;9
3204054.0;37
3204104.0;20
3204203.0;23
3204252.0;16
3204302.0;9
3204351.0;3
3204401.0;22
3204500.0;10
3204559.0;9
3204609.0;11
3204658.0;29
3204708.0;33
3204807.0;21
3204906.0;90
3204955.0;8
3205002.0;50
3205010.0;14
3205036.0;11
3205069.0;31
3205101.0;17
3205150.0;2
3205176.0;5
3205200.0;46
3205309.0;177
3300100.0;21
3300159.0;14
3300209.0;10
3300225.0;6
3300233.0;6
3300258.0;11
3300308.0;30
3300407.0;102
3300506.0;22
3300605.0;27
3300704.0;23
3300803.0;7
3300902.0;13
3300936.0;6
3300951.0;4
3301009.0;129
3301108.0;20
3301157.0;12
3301207.0;5
3301306.0;12
3301405.0;10
3301504.0;23
3301603.0;2
3301702.0;20
3301801.0;6
3301850.0;3
3301876.0;9
3301900.0;2
3302007.0;18
3302056.0;12
3302106.0;17
3302205.0;56
3302254.0;10
3302270.0;3
3302304.0;11
3302403.0;50
3302452.0;19
3302502.0;4
3302601.0;4
3302809.0;7
3302908.0;4
3303005.0;26
3303104.0;13
3303203.0;3
3303302.0;73
3303401.0;37
3303500.0;24
3303609.0;13
3303708.0;15
3303807.0;13
3303856.0;4
3303906.0;44
3303955.0;2
3304003.0;14
3304102.0;15
3304110.0;2
3304128.0;3
3304151.0;8
3304201.0;95
3304300.0;10
3304409.0;8
3304508.0;2
3304524.0;28
3304557.0;470
3304607.0;11
3304706.0;33
3304755.0;7
3304805.0;18
3304904.0;15
3305000.0;7
3305133.0;12
3305158.0;3
3305208.0;14
3305307.0;8
3305406.0;7
3305505.0;3
3305554.0;4
3305604.0;5
3305703.0;3
3305752.0;2
3305802.0;15
3305901.0;9
3306008.0;45
3306107.0;13
3306156.0;3
3306206.0;25
3306305.0;105
3500105.0;44
3500204.0;7
3500303.0;16
3500402.0;15
3500501.0;24
3500550.0;8
3500600.0;25
3500709.0;22
3500758.0;5
3500808.0;7
3500907.0;7
3501004.0;10
3501103.0;3
3501152.0;1
3501202.0;3
3501301.0;16
3501400.0;3
3501509.0;4
3501608.0;213
3501707.0;1
3501806.0;6
3501905.0;23
3502002.0;4
3502101.0;82
3502200.0;12
3502309.0;2
3502408.0;2
3502507.0;114
3502606.0;5
3502705.0;14
3502754.0;10
3502804.0;120
3502903.0;2
3503000.0;10
3503109.0;1
3503158.0;12
3503208.0;138
3503307.0;68
3503356.0;1
3503406.0;2
3503505.0;13
3503604.0;10
3503703.0;11
3503802.0;9
3503901.0;6
3504008.0;111
3504107.0;56
3504206.0;22
3504305.0;6
3504404.0;13
3504503.0;36
3504602.0;14
3504800.0;16
3504909.0;13
3505005.0;21
3505104.0;14
3505203.0;8
3505302.0;16
3505351.0;1
3505401.0;4
3505500.0;97
3505609.0;22
3505708.0;1
3505807.0;33
3505906.0;13
3506003.0;145
3506102.0;49
3506201.0;8
3506300.0;14
3506359.0;9
3506409.0;8
3506508.0;76
3506607.0;2
3506706.0;8
3506805.0;14
3506904.0;12
3507001.0;41
3507100.0;3
3507159.0;2
3507209.0;1
3507308.0;5
3507407.0;25
3507456.0;4
3507506.0;40
3507605.0;56
3507704.0;14
3507753.0;3
3507803.0;2
3507902.0;16
3508009.0;8
3508108.0;11
3508207.0;5
3508306.0;6
3508405.0;3
3508504.0;29
3508603.0;19
3508702.0;12
3508801.0;32
3508900.0;5
3509106.0;8
3509205.0;2
3509254.0;11
3509304.0;5
3509403.0;17
3509452.0;5
3509502.0;596
3509601.0;3
3509700.0;12
3509809.0;4
3509908.0;12
3509957.0;1
3510005.0;9
3510153.0;5
3510203.0;40
3510302.0;7
3510401.0;17
3510500.0;15
3510708.0;15
3510807.0;25
3511003.0;16
3511102.0;69
3511201.0;12
3511300.0;1
3511409.0;10
3511508.0;19
3511607.0;13
3511706.0;6
3511904.0;16
3512001.0;17
3512100.0;6
3512209.0;9
3512308.0;18
3512407.0;11
3512506.0;17
3512605.0;12
3512704.0;1
3512803.0;11
3512902.0;27
3513009.0;5
3513108.0;3
3513207.0;9
3513306.0;6
3513405.0;33
3513504.0;64
3513603.0;2
3513702.0;13
3513801.0;4
3513850.0;1
3513900.0;12
3514007.0;4
3514106.0;9
3514205.0;19
3514304.0;14
3514403.0;45
3514502.0;11
3514601.0;5
3514700.0;8
3514809.0;12
3514908.0;4
3514924.0;2
3514957.0;3
3515004.0;9
3515129.0;3
3515152.0;7
3515186.0;9
3515194.0;2
3515202.0;20
3515301.0;18
3515350.0;16
3515400.0;17
3515509.0;58
3515608.0;1
3515657.0;2
3515707.0;1
3515806.0;7
3515905.0;15
3516002.0;27
3516101.0;7
3516200.0;106
3516309.0;2
3516408.0;2
3516507.0;8
3516606.0;6
3516705.0;53
3516804.0;3
3516853.0;6
3516903.0;20
3517000.0;12
3517109.0;10
3517208.0;9
3517307.0;13
3517406.0;15
3517505.0;2
3517604.0;7
3517703.0;12
3517802.0;11
3517901.0;16
3518008.0;5
3518107.0;32
3518206.0;11
3518305.0;4
3518404.0;24
3518503.0;7
3518602.0;8
3518701.0;10
3518800.0;26
3518859.0;5
3518909.0;18
3519006.0;13
3519055.0;6
3519071.0;1
3519105.0;15
3519204.0;22
3519253.0;16
3519303.0;5
3519402.0;12
3519501.0;11
3519600.0;32
3519709.0;6
3519808.0;18
3519907.0;25
3520004.0;7
3520103.0;15
3520202.0;7
3520301.0;15
3520426.0;13
3520442.0;93
3520509.0;33
3520608.0;8
3520707.0;14
3520806.0;12
3520905.0;20
3521002.0;4
3521101.0;4
3521150.0;2
3521200.0;2
3521309.0;5
3521408.0;1
3521507.0;5
3521606.0;31
3521705.0;22
3521804.0;29
3521903.0;11
3522000.0;4
3522109.0;15
3522158.0;1
3522208.0;1
3522307.0;97
3522406.0;52
3522505.0;2
3522604.0;18
3522653.0;1
3522703.0;46
3522802.0;25
3522901.0;7
3523008.0;7
3523107.0;1
3523206.0;33
3523305.0;19
3523404.0;16
3523503.0;6
3523602.0;12
3523701.0;7
3523800.0;12
3523909.0;37
3524006.0;5
3524105.0;20
3524204.0;6
3524303.0;76
3524402.0;17
3524501.0;4
3524600.0;17
3524709.0;15
3524808.0;71
3524907.0;2
3525201.0;2
3525300.0;78
3525409.0;3
3525508.0;6
3525607.0;11
3525706.0;47
3525805.0;12
3525854.0;6
3525904.0;205
3526001.0;35
3526100.0;23
3526209.0;14
3526308.0;2
3526407.0;12
3526506.0;11
3526605.0;2
3526704.0;21
3526803.0;22
3526902.0;127
3527009.0;24
3527108.0;84
3527207.0;25
3527306.0;3
3527405.0;41
3527504.0;6
3527603.0;11
3527702.0;2
3527801.0;8
3527900.0;13
3528007.0;2
3528106.0;6
3528304.0;19
3528403.0;1
3528502.0;11
3528601.0;10
3528700.0;2
3528809.0;13
3528858.0;3
3528908.0;5
3529005.0;144
3529104.0;5
3529203.0;28
3529302.0;27
3529401.0;6
3529500.0;7
3529609.0;11
3529658.0;5
3529708.0;13
3529807.0;11
3529906.0;20
3530003.0;14
3530102.0;29
3530201.0;16
3530300.0;51
3530409.0;2
3530508.0;17
3530607.0;27
3530706.0;25
3530805.0;30
3530904.0;4
3531001.0;6
3531100.0;24
3531209.0;3
3531308.0;21
3531407.0;27
3531506.0;17
3531605.0;6
3531704.0;2
3531803.0;10
3531902.0;9
3532009.0;13
3532058.0;3
3532108.0;11
3532157.0;18
3532207.0;3
3532306.0;2
3532405.0;10
3532504.0;8
3532603.0;26
3532702.0;6
3532801.0;5
3532827.0;2
3532843.0;1
3532900.0;8
3533007.0;18
3533106.0;4
3533205.0;4
3533254.0;7
3533304.0;3
3533403.0;21
3533502.0;21
3533601.0;5
3533700.0;5
3533809.0;5
3533908.0;59
3534005.0;4
3534104.0;14
3534203.0;13
3534302.0;20
3534401.0;203
3534500.0;13
3534609.0;58
3534708.0;118
3534757.0;18
3534807.0;9
3534906.0;36
3535002.0;14
3535101.0;18
3535200.0;6
3535309.0;10
3535408.0;23
3535507.0;26
3535606.0;10
3535705.0;6
3535804.0;13
3535903.0;19
3536000.0;63
3536109.0;3
3536208.0;17
3536307.0;9
3536406.0;22
3536505.0;5
3536570.0;2
3536604.0;13
3536703.0;28
3536802.0;3
3537008.0;10
3537107.0;11
3537156.0;4
3537206.0;19
3537305.0;132
3537404.0;29
3537503.0;13
3537602.0;32
3537701.0;12
3537800.0;12
3537909.0;7
3538006.0;20
3538105.0;23
3538204.0;11
3538303.0;8
3538501.0;9
3538600.0;6
3538709.0;172
3538808.0;36
3538907.0;32
3539004.0;14
3539103.0;8
3539202.0;27
3539301.0;50
3539400.0;5
3539509.0;9
3539608.0;4
3539707.0;1
3539806.0;1
3539905.0;13
3540002.0;34
3540101.0;14
3540200.0;4
3540259.0;5
3540309.0;5
3540408.0;5
3540507.0;9
3540606.0;12
3540705.0;26
3540804.0;4
3540903.0;8
3541000.0;75
3541059.0;2
3541109.0;8
3541208.0;16
3541307.0;30
3541406.0;279
3541505.0;41
3541604.0;24
3541653.0;2
3541703.0;10
3541802.0;3
3541901.0;16
3542008.0;13
3542107.0;8
3542206.0;35
3542305.0;2
3542404.0;10
3542503.0;9
3542602.0;38
3542800.0;7
3542909.0;14
3543006.0;2
3543105.0;1
3543204.0;5
3543238.0;1
3543253.0;1
3543303.0;10
3543402.0;368
3543501.0;4
3543600.0;7
3543709.0;6
3543808.0;22
3543907.0;103
3544004.0;4
3544202.0;13
3544251.0;19
3544301.0;10
3544509.0;1
3544608.0;1
3544707.0;3
3544806.0;8
3544905.0;9
3545001.0;6
3545100.0;1
3545159.0;4
3545209.0;33
3545308.0;6
3545407.0;11
3545506.0;4
3545605.0;14
3545704.0;16
3545803.0;51
3546009.0;4
3546207.0;1
3546256.0;3
3546306.0;16
3546405.0;22
3546504.0;4
3546603.0;63
3546702.0;6
3546801.0;12
3546900.0;1
3547007.0;8
3547106.0;11
3547205.0;7
3547304.0;1
3547403.0;15
3547502.0;12
3547601.0;13
3547650.0;11
3547700.0;20
3547809.0;156
3547908.0;6
3548005.0;5
3548054.0;4
3548104.0;7
3548203.0;8
3548302.0;7
3548401.0;16
3548500.0;169
3548609.0;10
3548708.0;218
3548807.0;69
3548906.0;124
3549003.0;6
3549102.0;24
3549300.0;4
3549409.0;50
3549508.0;7
3549607.0;12
3549706.0;20
3549805.0;323
3549904.0;230
3549953.0;1
3550001.0;3
3550100.0;31
3550209.0;7
3550308.0;1477
3550407.0;27
3550506.0;2
3550605.0;14
3550704.0;14
3550803.0;9
3550902.0;15
3551009.0;60
3551108.0;4
3551207.0;9
3551306.0;5
3551405.0;2
3551504.0;3
3551603.0;18
3551702.0;34
3551801.0;2
3551900.0;16
3552007.0;7
3552106.0;18
3552205.0;151
3552304.0;4
3552403.0;8
3552502.0;11
3552551.0;6
3552601.0;2
3552700.0;11
3552809.0;9
3552908.0;4
3553005.0;9
3553104.0;3
3553203.0;3
3553302.0;12
3553401.0;34
3553500.0;8
3553609.0;10
3553658.0;4
3553708.0;43
3553807.0;27
3553856.0;8
3553906.0;9
3553955.0;7
3554003.0;42
3554102.0;147
3554201.0;2
3554300.0;21
3554409.0;4
3554508.0;34
3554607.0;2
3554656.0;5
3554706.0;12
3554805.0;11
3554904.0;6
3554953.0;3
3555000.0;71
3555109.0;43
3555208.0;6
3555307.0;15
3555356.0;9
3555406.0;12
3555505.0;9
3555604.0;10
3555703.0;5
3555802.0;23
3555901.0;8
3556008.0;11
3556107.0;11
3556206.0;3
3556305.0;23
3556354.0;4
3556404.0;17
3556453.0;5
3556503.0;1
3556602.0;18
3556701.0;4
3556800.0;9
3556909.0;13
3556958.0;5
3557006.0;4
3557105.0;70
3557154.0;4
3557204.0;19
4100103.0;10
4100202.0;2
4100301.0;7
4100459.0;2
4100509.0;15
4100608.0;30
4100707.0;8
4100806.0;2
4100905.0;17
4101002.0;57
4101101.0;28
4101150.0;8
4101200.0;4
4101309.0;2
4101408.0;96
4101507.0;84
4101606.0;27
4101655.0;1
4101705.0;3
4101804.0;15
4101853.0;1
4101903.0;32
4102000.0;83
4102109.0;32
4102208.0;16
4102307.0;1
4102406.0;40
4102505.0;16
4102604.0;132
4102703.0;2
4102752.0;1
4102802.0;5
4102901.0;5
4103024.0;1
4103040.0;1
4103057.0;3
4103107.0;1
4103156.0;1
4103206.0;16
4103222.0;1
4103305.0;9
4103354.0;2
4103370.0;6
4103404.0;12
4103453.0;25
4103479.0;16
4103503.0;23
4103602.0;23
4103701.0;28
4103800.0;12
4103909.0;22
4103958.0;1
4104006.0;2
4104055.0;3
4104105.0;14
4104204.0;48
4104303.0;239
4104402.0;6
4104428.0;18
4104451.0;33
4104501.0;90
4104600.0;83
4104659.0;5
4104709.0;17
4104808.0;374
4104907.0;46
4105003.0;13
4105102.0;19
4105201.0;4
4105300.0;104
4105409.0;49
4105508.0;91
4105607.0;15
4105706.0;73
4105904.0;34
4106001.0;22
4106100.0;11
4106209.0;4
4106308.0;44
4106407.0;48
4106456.0;1
4106506.0;53
4106555.0;2
4106571.0;1
4106605.0;39
4106704.0;14
4106803.0;2
4106852.0;12
4106902.0;435
4107009.0;34
4107108.0;27
4107124.0;1
4107157.0;3
4107207.0;37
4107256.0;4
4107306.0;28
4107405.0;4
4107504.0;52
4107520.0;4
4107538.0;7
4107546.0;8
4107553.0;29
4107603.0;24
4107652.0;36
4107702.0;16
4107736.0;3
4107751.0;29
4107801.0;17
4107850.0;19
4107900.0;23
4108007.0;23
4108106.0;15
4108205.0;40
4108304.0;230
4108320.0;21
4108403.0;185
4108452.0;6
4108502.0;34
4108551.0;1
4108601.0;63
4108650.0;2
4108700.0;2
4108809.0;158
4108908.0;23
4108957.0;5
4109005.0;13
4109203.0;14
4109302.0;79
4109401.0;111
4109500.0;4
4109609.0;14
4109658.0;1
4109708.0;50
4109757.0;40
4109807.0;37
4109906.0;17
4110003.0;27
4110052.0;2
4110078.0;25
4110102.0;13
4110201.0;3
4110300.0;5
4110409.0;23
4110508.0;3
4110607.0;34
4110656.0;25
4110706.0;33
4110805.0;23
4110904.0;21
4110953.0;8
4111001.0;1
4111100.0;2
4111209.0;13
4111308.0;26
4111407.0;5
4111506.0;35
4111555.0;4
4111605.0;1
4111704.0;24
4111803.0;26
4111902.0;31
4112009.0;43
4112108.0;79
4112207.0;36
4112306.0;36
4112405.0;2
4112504.0;29
4112702.0;37
4112751.0;49
4112801.0;21
4112900.0;2
4112959.0;22
4113007.0;28
4113106.0;3
4113205.0;14
4113254.0;5
4113304.0;95
4113403.0;5
4113429.0;23
4113452.0;15
4113502.0;58
4113601.0;16
4113700.0;255
4113734.0;7
4113759.0;13
4113809.0;12
4113908.0;11
4114005.0;22
4114104.0;45
4114203.0;77
4114302.0;20
4114351.0;2
4114401.0;7
4114500.0;12
4114609.0;164
4114708.0;17
4114807.0;64
4114906.0;22
4115101.0;21
4115200.0;351
4115309.0;71
4115358.0;18
4115408.0;104
4115457.0;2
4115507.0;3
4115606.0;113
4115705.0;5
4115739.0;2
4115754.0;29
4115804.0;187
4115853.0;14
4116000.0;11
4116059.0;9
4116109.0;26
4116208.0;4
4116307.0;20
4116406.0;12
4116604.0;2
4116703.0;48
4116802.0;15
4116901.0;60
4116950.0;4
4117008.0;15
4117057.0;38
4117107.0;45
4117206.0;16
4117214.0;16
4117222.0;9
4117255.0;9
4117271.0;9
4117297.0;6
4117305.0;27
4117404.0;3
4117453.0;9
4117503.0;28
4117602.0;66
4117701.0;11
4117800.0;10
4117909.0;67
4118006.0;36
4118105.0;22
4118204.0;26
4118303.0;5
4118402.0;79
4118451.0;7
4118501.0;175
4118600.0;8
4118709.0;9
4118808.0;51
4118857.0;29
4118907.0;18
4119004.0;92
4119103.0;5
4119202.0;36
4119251.0;1
4119301.0;6
4119400.0;45
4119608.0;41
4119657.0;13
4119707.0;17
4119806.0;82
4119905.0;238
4119954.0;5
4120002.0;43
4120101.0;2
4120150.0;1
4120200.0;2
4120309.0;2
4120333.0;20
4120358.0;53
4120408.0;24
4120507.0;3
4120606.0;40
4120655.0;43
4120705.0;18
4120804.0;1
4120853.0;16
4120903.0;18
4121000.0;14
4121109.0;11
4121208.0;16
4121307.0;6
4121406.0;158
4121505.0;11
4121604.0;39
4121703.0;7
4121752.0;3
4121802.0;7
4121901.0;17
4122008.0;11
4122107.0;3
4122156.0;10
4122172.0;3
4122206.0;2
4122305.0;22
4122404.0;104
4122503.0;18
4122602.0;32
4122651.0;4
4122701.0;14
4122800.0;2
4122909.0;22
4123006.0;16
4123105.0;3
4123204.0;16
4123303.0;14
4123402.0;21
4123501.0;11
4123600.0;12
4123709.0;25
4123808.0;45
4123824.0;18
4123857.0;9
4123907.0;15
4123956.0;6
4124004.0;9
4124020.0;29
4124053.0;54
4124103.0;52
4124202.0;8
4124301.0;16
4124400.0;113
4124509.0;27
4124608.0;17
4124707.0;16
4124806.0;15
4124905.0;7
4125001.0;22
4125100.0;3
4125209.0;16
4125308.0;3
4125357.0;9
4125407.0;3
4125456.0;3
4125506.0;33
4125555.0;2
4125605.0;60
4125704.0;91
4125753.0;15
4125803.0;15
4125902.0;2
4126009.0;30
4126108.0;2
4126207.0;14
4126256.0;8
4126272.0;17
4126306.0;22
4126355.0;1
4126405.0;10
4126504.0;16
4126603.0;42
4126652.0;2
4126678.0;9
4126702.0;26
4126801.0;45
4126900.0;14
4127007.0;4
4127106.0;42
4127205.0;12
4127304.0;11
4127403.0;55
4127502.0;13
4127601.0;5
4127700.0;223
4127809.0;36
4127858.0;13
4127882.0;2
4127908.0;18
4127957.0;5
4127965.0;28
4128005.0;121
4128104.0;136
4128203.0;58
4128302.0;11
4128401.0;6
4128500.0;37
4128534.0;22
4128559.0;18
4128609.0;7
4128625.0;15
4128633.0;5
4128658.0;26
4128708.0;52
4128807.0;18
4200051.0;6
4200101.0;65
4200200.0;4
4200309.0;7
4200408.0;2
4200507.0;9
4200556.0;2
4200606.0;5
4200705.0;14
4200754.0;1
4200804.0;8
4201000.0;10
4201257.0;19
4201273.0;3
4201307.0;5
4201406.0;41
4201505.0;3
4201604.0;7
4201703.0;22
4201802.0;4
4201901.0;9
4202008.0;219
4202057.0;4
4202081.0;1
4202107.0;48
4202131.0;1
4202156.0;3
4202206.0;7
4202305.0;7
4202404.0;140
4202438.0;2
4202453.0;3
4202503.0;20
4202537.0;39
4202578.0;6
4202602.0;16
4202800.0;29
4202859.0;3
4202875.0;10
4202909.0;31
4203006.0;80
4203105.0;69
4203154.0;13
4203204.0;7
4203253.0;7
4203303.0;35
4203402.0;7
4203501.0;32
4203600.0;99
4203709.0;10
4203808.0;35
4203907.0;22
4203956.0;8
4204004.0;56
4204103.0;1
4204152.0;6
4204178.0;7
4204202.0;249
4204251.0;5
4204301.0;103
4204350.0;16
4204400.0;39
4204509.0;18
4204558.0;27
4204608.0;87
4204707.0;60
4204756.0;1
4204806.0;103
4204905.0;31
4205001.0;105
4205100.0;1
4205159.0;4
4205175.0;2
4205191.0;8
4205209.0;8
4205308.0;55
4205407.0;270
4205431.0;13
4205456.0;4
4205506.0;43
4205555.0;1
4205605.0;13
4205704.0;13
4205803.0;63
4205902.0;56
4206108.0;6
4206207.0;18
4206405.0;113
4206504.0;65
4206603.0;83
4206652.0;1
4206751.0;2
4206801.0;19
4206900.0;36
4207106.0;30
4207205.0;8
4207304.0;50
4207403.0;3
4207502.0;77
4207577.0;3
4207601.0;3
4207650.0;31
4207684.0;15
4207700.0;3
4207759.0;2
4207809.0;4
4207858.0;1
4207908.0;4
4208005.0;7
4208104.0;4
4208203.0;179
4208302.0;142
4208401.0;41
4208450.0;4
4208500.0;20
4208609.0;28
4208708.0;6
4208807.0;4
4208906.0;99
4209003.0;124
4209102.0;185
4209151.0;3
4209177.0;9
4209201.0;13
4209300.0;120
4209409.0;40
4209458.0;2
4209508.0;9
4209607.0;27
4209706.0;36
4209854.0;3
4209904.0;18
4210001.0;4
4210035.0;14
4210050.0;1
4210100.0;68
4210209.0;5
4210308.0;3
4210407.0;1
4210506.0;181
4210555.0;2
4210605.0;33
4210704.0;13
4210803.0;7
4210902.0;15
4211009.0;13
4211058.0;24
4211108.0;44
4211207.0;5
4211256.0;2
4211306.0;9
4211405.0;58
4211454.0;2
4211504.0;11
4211652.0;8
4211702.0;30
4211751.0;20
4211876.0;3
4211892.0;8
4211900.0;21
4212007.0;17
4212056.0;14
4212106.0;130
4212205.0;41
4212239.0;1
4212254.0;1
4212270.0;1
4212304.0;9
4212403.0;3
4212502.0;6
4212601.0;5
4212650.0;1
4212700.0;1
4212809.0;51
4212908.0;77
4213005.0;18
4213104.0;25
4213153.0;10
4213203.0;45
4213302.0;50
4213351.0;13
4213401.0;47
4213500.0;2
4213609.0;59
4213708.0;54
4213807.0;7
4213906.0;1
4214003.0;12
4214102.0;3
4214151.0;2
4214201.0;72
4214300.0;15
4214409.0;35
4214508.0;6
4214607.0;9
4214706.0;1
4214805.0;123
4214904.0;1
4215000.0;48
4215075.0;10
4215109.0;7
4215208.0;2
4215356.0;11
4215406.0;7
4215455.0;5
4215505.0;52
4215554.0;3
4215653.0;12
4215679.0;6
4215687.0;2
4215703.0;10
4215752.0;1
4215802.0;48
4215901.0;1
4216008.0;42
4216057.0;25
4216107.0;16
4216206.0;11
4216255.0;16
4216305.0;9
4216354.0;4
4216404.0;7
4216503.0;26
4216602.0;4
4216701.0;163
4216800.0;5
4216909.0;95
4217006.0;25
4217105.0;4
4217154.0;2
4217204.0;212
4217303.0;1
4217501.0;15
4217550.0;8
4217600.0;1
4217709.0;36
4217758.0;8
4217808.0;16
4217907.0;38
4217956.0;2
4218004.0;73
4218103.0;5
4218202.0;31
4218301.0;2
4218350.0;1
4218509.0;3
4218608.0;26
4218707.0;96
4218806.0;9
4218905.0;3
4218954.0;2
4219002.0;9
4219101.0;9
4219150.0;4
4219176.0;20
4219200.0;4
4219309.0;75
4219358.0;2
4219408.0;1
4219507.0;199
4219606.0;3
4219705.0;154
4219853.0;3
4300034.0;3
4300059.0;13
4300109.0;19
4300208.0;1
4300307.0;20
4300406.0;43
4300455.0;3
4300471.0;2
4300505.0;31
4300554.0;4
4300570.0;5
4300604.0;3
4300638.0;7
4300646.0;23
4300661.0;7
4300703.0;19
4300802.0;7
4300851.0;5
4300877.0;6
4300901.0;3
4301008.0;32
4301057.0;24
4301073.0;1
4301107.0;17
4301206.0;17
4301305.0;11
4301404.0;25
4301503.0;2
4301602.0;48
4301636.0;6
4301651.0;17
4301701.0;25
4301750.0;5
4301800.0;22
4301859.0;18
4301875.0;1
4301909.0;8
4301958.0;11
4302006.0;30
4302055.0;1
4302105.0;128
4302154.0;91
4302204.0;34
4302220.0;1
4302238.0;1
4302253.0;11
4302303.0;27
4302352.0;43
4302378.0;42
4302402.0;10
4302451.0;21
4302501.0;22
4302584.0;12
4302659.0;2
4302709.0;13
4302808.0;36
4302907.0;22
4303004.0;50
4303103.0;7
4303202.0;18
4303301.0;16
4303400.0;4
4303509.0;29
4303558.0;5
4303608.0;10
4303673.0;22
4303707.0;27
4303806.0;1
4303905.0;54
4304002.0;37
4304101.0;11
4304200.0;44
4304309.0;31
4304358.0;12
4304408.0;18
4304507.0;34
4304606.0;62
4304614.0;3
4304622.0;2
4304630.0;29
4304655.0;1
4304671.0;9
4304689.0;12
4304697.0;4
4304705.0;337
4304713.0;1
4304804.0;45
4304853.0;3
4304903.0;66
4304952.0;45
4305009.0;7
4305108.0;148
4305116.0;3
4305124.0;1
4305132.0;6
4305157.0;11
4305173.0;7
4305207.0;35
4305306.0;4
4305355.0;9
4305371.0;2
4305405.0;3
4305439.0;8
4305447.0;3
4305454.0;12
4305504.0;25
4305587.0;15
4305702.0;38
4305801.0;14
4305835.0;4
4305850.0;1
4305871.0;21
4305900.0;26
4305934.0;6
4305959.0;2
4305975.0;30
4306007.0;39
4306056.0;17
4306072.0;5
4306106.0;136
4306130.0;2
4306205.0;4
4306304.0;24
4306320.0;1
4306353.0;15
4306379.0;2
4306403.0;22
4306429.0;3
4306452.0;24
4306502.0;9
4306551.0;5
4306601.0;31
4306700.0;18
4306734.0;12
4306759.0;18
4306767.0;9
4306809.0;37
4306908.0;15
4306924.0;6
4306932.0;90
4306957.0;3
4306973.0;4
4307005.0;140
4307054.0;26
4307104.0;6
4307203.0;19
4307302.0;4
4307401.0;5
4307450.0;1
4307500.0;50
4307559.0;5
4307609.0;9
4307708.0;45
4307807.0;224
4307815.0;13
4307831.0;4
4307906.0;100
4308003.0;22
4308052.0;3
4308078.0;28
4308102.0;18
4308201.0;6
4308250.0;1
4308300.0;22
4308409.0;7
4308433.0;4
4308458.0;3
4308508.0;234
4308607.0;107
4308656.0;1
4308706.0;1
4308805.0;7
4308904.0;118
4309001.0;101
4309050.0;9
4309100.0;24
4309159.0;9
4309209.0;10
4309258.0;20
4309308.0;15
4309407.0;43
4309506.0;23
4309555.0;7
4309571.0;6
4309605.0;62
4309654.0;5
4309704.0;23
4309753.0;6
4309803.0;17
4309902.0;21
4309951.0;8
4310009.0;46
4310108.0;26
4310207.0;189
4310306.0;19
4310330.0;19
4310363.0;13
4310405.0;3
4310413.0;3
4310439.0;2
4310462.0;3
4310504.0;184
4310538.0;1
4310553.0;2
4310579.0;5
4310603.0;53
4310652.0;8
4310702.0;4
4310751.0;3
4310801.0;11
4310850.0;22
4310876.0;4
4310900.0;4
4311007.0;15
4311106.0;32
4311122.0;2
4311130.0;3
4311155.0;5
4311205.0;94
4311239.0;4
4311254.0;5
4311270.0;13
4311304.0;66
4311403.0;235
4311429.0;8
4311502.0;8
4311601.0;10
4311627.0;7
4311643.0;1
4311700.0;3
4311718.0;3
4311734.0;7
4311759.0;25
4311775.0;16
4311791.0;2
4311809.0;59
4311908.0;5
4311981.0;7
4312054.0;23
4312104.0;4
4312138.0;23
4312153.0;4
4312203.0;18
4312252.0;12
4312302.0;16
4312351.0;1
4312377.0;2
4312385.0;1
4312401.0;202
4312427.0;5
4312443.0;6
4312450.0;2
4312476.0;6
4312500.0;7
4312609.0;20
4312617.0;31
4312658.0;20
4312674.0;2
4312708.0;63
4312757.0;5
4312807.0;64
4312906.0;74
4313003.0;5
4313037.0;5
4313060.0;47
4313086.0;2
4313102.0;15
4313201.0;19
4313300.0;81
4313359.0;3
4313375.0;12
4313391.0;33
4313409.0;153
4313425.0;1
4313441.0;12
4313466.0;1
4313490.0;26
4313508.0;45
4313607.0;18
4313656.0;9
4313706.0;214
4313805.0;74
4313904.0;151
4313953.0;47
4314001.0;24
4314027.0;40
4314035.0;6
4314050.0;80
4314068.0;20
4314076.0;9
4314100.0;195
4314134.0;2
4314159.0;8
4314175.0;3
4314209.0;13
4314308.0;8
4314407.0;75
4314423.0;7
4314456.0;9
4314464.0;3
4314472.0;5
4314498.0;3
4314506.0;15
4314548.0;1
4314555.0;2
4314605.0;6
4314704.0;42
4314753.0;5
4314779.0;10
4314787.0;1
4314803.0;53
4314902.0;436
4315008.0;24
4315057.0;16
4315073.0;21
4315107.0;40
4315131.0;17
4315149.0;1
4315156.0;7
4315172.0;1
4315206.0;7
4315305.0;23
4315321.0;3
4315354.0;2
4315404.0;22
4315453.0;2
4315503.0;16
4315552.0;1
4315602.0;59
4315701.0;25
4315750.0;8
4315800.0;24
4315909.0;17
4315958.0;4
4316006.0;9
4316105.0;68
4316204.0;34
4316303.0;23
4316402.0;44
4316428.0;23
4316436.0;47
4316451.0;26
4316477.0;17
4316501.0;8
4316600.0;45
4316709.0;47
4316733.0;5
4316758.0;2
4316808.0;90
4316907.0;172
4316956.0;3
4316972.0;5
4317004.0;31
4317103.0;56
4317202.0;175
4317251.0;2
4317301.0;6
4317400.0;51
4317509.0;170
4317558.0;1
4317608.0;25
4317707.0;39
4317756.0;4
4317806.0;34
4317905.0;22
4317954.0;2
4318002.0;72
4318051.0;23
4318101.0;26
4318200.0;15
4318309.0;33
4318408.0;10
4318424.0;13
4318432.0;11
4318440.0;18
4318457.0;5
4318465.0;18
4318481.0;1
4318507.0;6
4318606.0;21
4318614.0;9
4318622.0;18
4318705.0;271
4318804.0;7
4318903.0;74
4319000.0;18
4319109.0;47
4319125.0;1
4319158.0;17
4319208.0;16
4319307.0;24
4319356.0;8
4319364.0;5
4319372.0;17
4319406.0;52
4319505.0;49
4319604.0;43
4319703.0;22
4319711.0;17
4319752.0;20
4319802.0;50
4319901.0;87
4320008.0;42
4320107.0;227
4320206.0;137
4320263.0;7
4320305.0;39
4320321.0;1
4320354.0;4
4320404.0;29
4320453.0;3
4320503.0;16
4320552.0;3
4320578.0;3
4320651.0;1
4320677.0;5
4320701.0;36
4320800.0;212
4320859.0;45
4320909.0;44
4321006.0;48
4321105.0;11
4321204.0;91
4321303.0;21
4321329.0;37
4321352.0;7
4321402.0;61
4321436.0;27
4321451.0;48
4321469.0;29
4321477.0;2
4321493.0;2
4321501.0;42
4321600.0;31
4321626.0;2
4321667.0;15
4321709.0;13
4321808.0;80
4321832.0;9
4321857.0;41
4321907.0;70
4321956.0;37
4322004.0;11
4322103.0;36
4322152.0;7
4322186.0;3
4322202.0;14
4322251.0;8
4322301.0;34
4322327.0;5
4322350.0;1
4322376.0;14
4322400.0;59
4322509.0;77
4322525.0;7
4322533.0;5
4322541.0;9
4322558.0;23
4322608.0;80
4322707.0;39
4322806.0;70
4322855.0;15
4322905.0;4
4323002.0;8
4323101.0;3
4323200.0;18
4323309.0;47
4323358.0;3
4323408.0;33
4323457.0;24
4323507.0;43
4323606.0;9
4323705.0;21
4323754.0;4
4323770.0;16
4323804.0;16
5000203.0;34
5000252.0;7
5000609.0;21
5000708.0;14
5000807.0;16
5000856.0;3
5000906.0;9
5001003.0;61
5001102.0;11
5001243.0;1
5001508.0;48
5001904.0;63
5002001.0;27
5002100.0;17
5002159.0;12
5002209.0;15
5002308.0;12
5002407.0;43
5002605.0;16
5002704.0;297
5002803.0;3
5002902.0;34
5002951.0;32
5003108.0;3
5003157.0;6
5003207.0;18
5003256.0;26
5003306.0;148
5003454.0;21
5003488.0;4
5003504.0;2
5003702.0;187
5003751.0;143
5003801.0;22
5003900.0;5
5004007.0;18
5004106.0;16
5004304.0;20
5004403.0;10
5004502.0;5
5004601.0;140
5004700.0;23
5004809.0;1
5004908.0;13
5005004.0;17
5005103.0;10
5005152.0;38
5005202.0;4
5005251.0;3
5005400.0;57
5005608.0;19
5005681.0;147
5005707.0;171
5005806.0;9
5006002.0;108
5006200.0;36
5006259.0;6
5006275.0;9
5006309.0;78
5006358.0;5
5006408.0;7
5006606.0;55
5006903.0;7
5007109.0;35
5007208.0;83
5007307.0;5
5007406.0;62
5007505.0;3
5007554.0;1
5007695.0;117
5007703.0;5
5007802.0;7
5007901.0;82
5007935.0;79
5007950.0;14
5007976.0;1
5008008.0;6
5008305.0;81
5008404.0;18
5100102.0;2
5100201.0;89
5100250.0;89
5100300.0;65
5100359.0;23
5100409.0;67
5100508.0;15
5100607.0;17
5100805.0;6
5101001.0;1
5101209.0;5
5101258.0;17
5101308.0;16
5101407.0;20
5101605.0;1
5101704.0;43
5101803.0;167
5101852.0;20
5101902.0;38
5102504.0;116
5102603.0;8
5102637.0;47
5102678.0;93
5102686.0;35
5102694.0;13
5102702.0;68
5102793.0;82
5102850.0;24
5103007.0;22
5103056.0;3
5103106.0;17
5103205.0;83
5103254.0;7
5103304.0;71
5103353.0;36
5103361.0;14
5103379.0;5
5103403.0;270
5103437.0;6
5103452.0;11
5103502.0;33
5103601.0;7
5103700.0;2
5103809.0;12
5103858.0;5
5103908.0;43
5103957.0;5
5104104.0;58
5104203.0;2
5104500.0;8
5104526.0;1
5104542.0;15
5104559.0;46
5104609.0;3
5104807.0;134
5104906.0;59
5105002.0;10
5105101.0;30
5105150.0;56
5105176.0;26
5105200.0;20
5105234.0;5
5105259.0;113
5105309.0;1
5105507.0;1
5105580.0;3
5105606.0;39
5105622.0;26
5105903.0;76
5106000.0;15
5106109.0;3
5106158.0;3
5106174.0;8
5106182.0;15
5106190.0;76
5106208.0;3
5106216.0;81
5106224.0;119
5106232.0;29
5106240.0;1
5106257.0;79
5106265.0;1
5106273.0;14
5106281.0;6
5106299.0;2
5106307.0;10
5106315.0;3
5106372.0;17
5106422.0;50
5106455.0;3
5106505.0;3
5106703.0;6
5106752.0;106
5106778.0;26
5106802.0;26
5106828.0;12
5106851.0;4
5107008.0;23
5107040.0;98
5107065.0;64
5107107.0;21
5107156.0;4
5107180.0;50
5107198.0;6
5107206.0;5
5107248.0;1
5107263.0;10
5107297.0;1
5107305.0;14
5107354.0;9
5107404.0;5
5107578.0;2
5107602.0;211
5107701.0;90
5107743.0;1
5107750.0;5
5107768.0;1
5107776.0;2
5107792.0;2
5107800.0;1
5107859.0;19
5107875.0;38
5107883.0;35
5107909.0;152
5107925.0;122
5107941.0;4
5107958.0;57
5108006.0;11
5108055.0;34
5108105.0;1
5108204.0;11
5108303.0;2
5108352.0;2
5108402.0;106
5108501.0;3
5108600.0;41
5108857.0;10
5108907.0;7
5108956.0;2
5200050.0;2
5200100.0;9
5200134.0;17
5200159.0;4
5200175.0;2
5200209.0;5
5200258.0;27
5200308.0;12
5200555.0;13
5200605.0;19
5200803.0;117
5200852.0;4
5200902.0;18
5201108.0;382
5201207.0;3
5201306.0;13
5201405.0;123
5201454.0;8
5201603.0;4
5201702.0;80
5201801.0;1
5202155.0;14
5202353.0;20
5202502.0;16
5202601.0;9
5202809.0;2
5203104.0;2
5203203.0;18
5203302.0;11
5203401.0;28
5203500.0;18
5203559.0;10
5203575.0;1
5203609.0;1
5203807.0;11
5203906.0;5
5203939.0;12
5204003.0;15
5204102.0;11
5204201.0;9
5204250.0;10
5204300.0;64
5204409.0;22
5204508.0;56
5204607.0;3
5204656.0;18
5204706.0;35
5204805.0;5
5204854.0;7
5204904.0;19
5204953.0;10
5205000.0;6
5205059.0;5
5205109.0;109
5205208.0;3
5205307.0;5
5205406.0;67
5205455.0;8
5205471.0;21
5205497.0;4
5205513.0;18
5205521.0;2
5205703.0;7
5205802.0;17
5205901.0;11
5206206.0;87
5206305.0;9
5206404.0;14
5206503.0;2
5206602.0;4
5206701.0;6
5206800.0;1
5206909.0;1
5207105.0;2
5207253.0;12
5207352.0;11
5207402.0;10
5207501.0;29
5207535.0;16
5207600.0;12
5207808.0;33
5207907.0;2
5208004.0;178
5208103.0;26
5208152.0;3
5208301.0;8
5208400.0;2
5208509.0;8
5208608.0;17
5208707.0;604
5208806.0;16
5208905.0;25
5209101.0;25
5209150.0;12
5209200.0;18
5209408.0;2
5209457.0;3
5209606.0;6
5209705.0;8
5209804.0;7
5209903.0;10
5209937.0;12
5209952.0;20
5210000.0;36
5210109.0;34
5210158.0;14
5210208.0;89
5210307.0;22
5210406.0;30
5210562.0;13
5210604.0;7
5210802.0;52
5210901.0;15
5211008.0;10
5211206.0;14
5211305.0;39
5211404.0;26
5211503.0;205
5211602.0;10
5211701.0;10
5211800.0;133
5211909.0;161
5212006.0;15
5212055.0;2
5212105.0;6
5212204.0;25
5212303.0;11
5212501.0;58
5212600.0;2
5212709.0;6
5212808.0;25
5212907.0;12
5212956.0;6
5213004.0;6
5213053.0;2
5213087.0;20
5213103.0;126
5213400.0;2
5213509.0;18
5213707.0;19
5213756.0;16
5213772.0;19
5213806.0;51
5213855.0;7
5213905.0;5
5214002.0;16
5214051.0;13
5214101.0;15
5214408.0;30
5214507.0;29
5214606.0;9
5214705.0;10
5214804.0;9
5214838.0;11
5214861.0;19
5214879.0;12
5214903.0;5
5215009.0;5
5215207.0;19
5215231.0;4
5215256.0;5
5215306.0;14
5215405.0;7
5215504.0;2
5215603.0;16
5215652.0;11
5215702.0;9
5215801.0;7
5215900.0;8
5216007.0;7
5216304.0;30
5216403.0;11
5216452.0;5
5216809.0;28
5216908.0;13
5217104.0;20
5217203.0;64
5217302.0;15
5217401.0;33
5217609.0;27
5217708.0;11
5218003.0;151
5218052.0;2
5218102.0;9
5218300.0;89
5218391.0;9
5218508.0;28
5218607.0;97
5218706.0;40
5218789.0;6
5218805.0;151
5218904.0;15
5219001.0;13
5219100.0;31
5219209.0;7
5219258.0;11
5219308.0;21
5219357.0;2
5219407.0;77
5219456.0;2
5219506.0;10
5219605.0;36
5219704.0;13
5219712.0;12
5219738.0;2
5219753.0;12
5219803.0;9
5219902.0;23
5220009.0;14
5220058.0;5
5220108.0;82
5220157.0;26
5220207.0;8
5220405.0;62
5220454.0;2
5220504.0;8
5220603.0;12
5220686.0;8
5220702.0;6
5221007.0;13
5221080.0;16
5221197.0;1
5221304.0;2
5221403.0;78
5221452.0;18
5221502.0;26
5221551.0;4
5221577.0;11
5221601.0;146
5221700.0;13
5221809.0;15
5221858.0;53
5221908.0;2
5222005.0;14
5222054.0;7
5222203.0;6
5222302.0;7
5300108.0;574
8000013.0;10
8000027.0;4
8000069.0;1
8000073.0;2
8000076.0;6
8000080.0;8
8000083.0;2
8000096.0;1
8000115.0;2
8000119.0;1
8100178.0;1
8100180.0;6
8100189.0;1
8200301.0;5
8700462.0;24
8700467.0;14
8700469.0;10
8700481.0;4
8700489.0;1
8800509.0;3
8800526.0;3
8800539.0;3
9100572.0;4
9100585.0;6
9100588.0;1
9100589.0;4
9100591.0;1
9100592.0;1
9100593.0;1
9100594.0;6
9100596.0;1
9200602.0;1
9200610.0;2
9200640.0;1
9200648.0;2
